SER,"SER0001350  ",IDA,A,IDA,"GT          ","SRC         ",ZUHAIDAH,ZUHAIDAH,"OWNER       ",BANK NEGARA INDONESIA 1946 (Persero) Tbk.,IBU ZUHAIDAH-0751698588
SER,"SER0002737  ",IWAN/EMON,A,IWAN/EMON,"GT          ","SRC         ","IWAN ",,"OWNER       ",BANK CENTRAL ASIA Tbk.,JEANE SETIAWATI-2450375473
SER,"SER0002737  ",IWAN/EMON,A,IWAN/EMON,"GT          ","SRC         ","JEANE ",SETIAWATI,"OTHER       ",BANK CENTRAL ASIA Tbk.,JEANE SETIAWATI-2450375473
SER,"SER0003895  ",MEGA TOP,A,MEGA TOP,"GT          ","SRC         ",SUKISNA,SUKISNA,"OWNER       ",BANK CENTRAL ASIA Tbk.,KAMINI-2951796516
SER,"SER0003895  ",MEGA TOP,A,MEGA TOP,"GT          ","SRC         ",KAMINI,KAMINI,"OTHER       ",BANK CENTRAL ASIA Tbk.,KAMINI-2951796516
SER,"SER0006632  ",TIWI,A,TIWI,"GT          ","SRC         ",SRI,KANTI,"OWNER       ",BANK MANDIRI (Persero) Tbk.,BAYADI-1630002726035
SER,"SER0006632  ",TIWI,A,TIWI,"GT          ","SRC         ",BAYADI,,"OTHER       ",BANK MANDIRI (Persero) Tbk.,BAYADI-1630002726035
SER,"SER0006826  ",ALFIN,A,ALFIN,"GT          ","SRC         ",DIYAN HARIYANTO,,"OWNER       ",BANK CENTRAL ASIA Tbk.,DIYAN HARIYANTO-4920773961
SER,"SER0006953  ",MASNUN,A,MASNUN,"GT          ","SRC         ",MASNUN,,"OWNER       ",BANK RAKYAT INDONESIA (Persero) Tbk.,MASNUN-484701017978535
SER,"SER0011862  ",JUJU,A,JUJU,"GT          ","SRC         ",JUJU,JUJU,"OWNER       ",BANK MANDIRI (Persero) Tbk.,JUJU�-1630001569493
SER,"SER0013924  ",DI BAYU MANDALA II,A,DI BAYU MANDALA II,"GT          ","SRC         ",LILIS,AMALIA,"OWNER       ",BANK RAKYAT INDONESIA (Persero) Tbk.,MAWARDI-116401001665507
SER,"SER0013924  ",DI BAYU MANDALA II,A,DI BAYU MANDALA II,"GT          ","SRC         ",MAWARDI,,"OTHER       ",BANK RAKYAT INDONESIA (Persero) Tbk.,MAWARDI-116401001665507
SER,"SER0014431  ",MAMA DIANA,A,MAMA DIANA,"GT          ","SRC         ",KOMARUDIN,KOMARUDIN,"OWNER       ",BANK RAKYAT INDONESIA (Persero) Tbk.,KOMARUDIN-484701012049535
SER,"SER0014848  ",TOKO FARIZ,A,TOKO FARIZ,"GT          ","SRC         ",SUHARYANTO,SUHARYANTO,"OWNER       ",BANK RAKYAT INDONESIA (Persero) Tbk.,ZAINURRAHMAN-654701016389539
SER,"SER0014848  ",TOKO FARIZ,A,TOKO FARIZ,"GT          ","SRC         ",ZAINURRAHMAN,,"OTHER       ",BANK RAKYAT INDONESIA (Persero) Tbk.,ZAINURRAHMAN-654701016389539
SER,"SER0015534  ",TIARA,A,TIARA,"GT          ","SRC         ",ADE,TIARA SARI,"OWNER       ",BANK CENTRAL ASIA Tbk.,PULUNG ISKANDAR-4920768739
SER,"SER0015534  ",TIARA,A,TIARA,"GT          ","SRC         ",PULUNG ISKANDAR,,"OTHER       ",BANK CENTRAL ASIA Tbk.,PULUNG ISKANDAR-4920768739
SER,"SER0016532  ",WR. MAHMUD,A,WR. MAHMUD,"GT          ","SRC         ",MAHMUD,MAHMUD,"OWNER       ",BANK NEGARA INDONESIA 1946 (Persero) Tbk.,BPK MAHMUD-348973510
SER,"SER0016709  ",TB JAYA,A,TB JAYA,"GT          ","SRC         ",SULTIAH,SULTIAH,"OWNER       ",BANK RAKYAT INDONESIA (Persero) Tbk.,TOMI-141201001436535
SER,"SER0016709  ",TB JAYA,A,TB JAYA,"GT          ","SRC         ",TOMI,,"OTHER       ",BANK RAKYAT INDONESIA (Persero) Tbk.,TOMI-141201001436535
SER,"SER0017177  ",TAMIYA 2,A,TAMIYA 2,"GT          ","SRC         ",YUNARSIH,YUNARSIH,"OWNER       ",BANK CENTRAL ASIA Tbk.,DENNI KURNIAWAN-2951811434
SER,"SER0017177  ",TAMIYA 2,A,TAMIYA 2,"GT          ","SRC         ",DENNI KURNIAWAN,,"OTHER       ",BANK CENTRAL ASIA Tbk.,DENNI KURNIAWAN-2951811434
SER,"SER0017284  ",WR RIDA,A,WR RIDA,"GT          ","SRC         ",MASTU'AH,MASTU'AH,"OWNER       ",BANK NEGARA INDONESIA 1946 (Persero) Tbk.,RAHMAT HIDAYATULLAH-484701025700536
SER,"SER0017284  ",WR RIDA,A,WR RIDA,"GT          ","SRC         ",SDRI RIDA FATIMA AZZ,,"OTHER       ",BANK NEGARA INDONESIA 1946 (Persero) Tbk.,RAHMAT HIDAYATULLAH-484701025700536
SER,"SER0017364  ",TK FARIZ,A,TK FARIZ,"GT          ","SRC         ",DWIYANI ANGGRAENI,,"OWNER       ",BANK SYARIAH BRI,Dwiyani Anggraeni-1035162859
SER,"SER0018007  ",MASTURO,A,MASTURO,"GT          ","SRC         ",MASTURO,MASTURO,"OWNER       ",BANK RAKYAT INDONESIA (Persero) Tbk.,MASTUAH-1630003976183
SER,"SER0018007  ",MASTURO,A,MASTURO,"GT          ","SRC         ",MISLAK,,"OTHER       ",BANK RAKYAT INDONESIA (Persero) Tbk.,MASTUAH-1630003976183
SER,"SER0018584  ",ANGGUN,A,ANGGUN,"GT          ","SRC         ",RIDWAN,SAEFULLAH,"OWNER       ",BANK RAKYAT INDONESIA (Persero) Tbk.,IIN MUINAH-484301001842538
SER,"SER0018584  ",ANGGUN,A,ANGGUN,"GT          ","SRC         ",IIN MUINAH,,"OTHER       ",BANK RAKYAT INDONESIA (Persero) Tbk.,IIN MUINAH-484301001842538
SER,"SER0018673  ",Toko Fajri,A,Toko Fajri,"GT          ","SRC         ",Misri,Misri,"OWNER       ",BANK RAKYAT INDONESIA (Persero) Tbk.,SUMARNI-484701013524538
SER,"SER0018673  ",Toko Fajri,A,Toko Fajri,"GT          ","SRC         ",SUMARNI,SUMARNI,"OTHER       ",BANK RAKYAT INDONESIA (Persero) Tbk.,SUMARNI-484701013524538
SER,"SER0022221  ",IKA JAYA,A,IKA JAYA,"GT          ","SRC         ",MUNARI,MUNARI,"OWNER       ",BANK NEGARA INDONESIA 1946 (Persero) Tbk.,MUNARI-840120901
SER,"SER0025630  ",TOKO FIRZA,A,TOKO FIRZA,"GT          ","SRC         ",FIRZA,,"OTHER       ",BANK RAKYAT INDONESIA (Persero) Tbk.,SAEFI-385201029643538
SER,"SER0027722  ",Mulya Jaya,A,Mulya Jaya,"GT          ","SRC         ",Mukhidin,,"OTHER       ",BANK BJB,MUKHIDIN-0050209024865
