KRA,"BDO0000521  ",RIZKI,A,RIZKI,"GT          ","REGULAR     ",MAHPUDIN,MAHPUDIN,"OWNER       ",BANK RAKYAT INDONESIA (Persero) Tbk.,KIREY INDRI AGUSTIN-135401017604500
KRA,"BDO0000521  ",RIZKI,A,RIZKI,"GT          ","REGULAR     ",KIREY,INDRI AGUSTIN,THIRDPAYMENT,BANK RAKYAT INDONESIA (Persero) Tbk.,KIREY INDRI AGUSTIN-135401017604500
KRA,"BDO0003826  ",CANTIK MART,A,CANTIK MART,"MT          ","NONSIGKA    ",H ATENG,JAELANI,"OWNER       ",BANK RAKYAT INDONESIA (Persero) Tbk.,H. Ateng Jaelani-007501003841509
KRA,"BDO0014570  ",SAKURA TOKO,A,SAKURA TOKO,"MT          ","NONSIGKA    ",WILLY,BUDIMAN,"OWNER       ",BANK CENTRAL ASIA Tbk.,Willy Budiman-2311066171
KRA,"BDO0014935  ",KOPERASI KARYAWAN POLYRAMA,A,KOPERASI KARYAWAN POLYRAMA,"MT          ","NONSIGKA    ",DRS AGUS,SUPRIATNA,"OWNER       ",BANK CENTRAL ASIA Tbk.,KOPKAR POLYRAMA-2313081052
KRA,"BDO0014935  ",KOPERASI KARYAWAN POLYRAMA,A,KOPERASI KARYAWAN POLYRAMA,"MT          ","NONSIGKA    ",TIAN,WIDIANINGSIH,"OWNER       ",BANK CENTRAL ASIA Tbk.,KOPKAR POLYRAMA-2313081052
KRA,"BDO0025476  ",PUTRI,A,PUTRI,"GT          ","REGULAR     ",TITI,MARTINI,"OWNER       ",BANK MANDIRI (Persero) Tbk.,Titi Martini-1730002686476
KRA,"JK40005559  ",ATA,A,TATA,"GT          ","SRC         ",TATA,TRISMAYANA,"OWNER       ","PRIMA MASTER BANK ",TATA TRISMAYANA-1700219001
KRA,"JK40008210  ",SOLIHIN,A,SOLIHIN,"GT          ","SRC         ",EROS,ROSNAWATI,"OWNER       ",BANK RAKYAT INDONESIA (Persero) Tbk.,DIDIT SUARDI-426801008793534
KRA,"JK40008210  ",SOLIHIN,A,SOLIHIN,"GT          ","SRC         ","SRI ",LAELA,"OTHER       ",BANK RAKYAT INDONESIA (Persero) Tbk.,DIDIT SUARDI-426801008793534
KRA,"JK40008210  ",SOLIHIN,A,SOLIHIN,"GT          ","SRC         ",DIDIT,SUARDI,"OTHER       ",BANK RAKYAT INDONESIA (Persero) Tbk.,DIDIT SUARDI-426801008793534
KRA,"JK40008538  ",BAYU,A,BAYU,"GT          ","REGULAR     ",AGUS,LISNAWATI,"OWNER       ",BANK RAKYAT INDONESIA (Persero) Tbk.,Bayu Christianto-084401022922537
KRA,"JK40008538  ",BAYU,A,BAYU,"GT          ","REGULAR     ",BAYU,CHRISTIANTO,THIRDPAYMENT,BANK RAKYAT INDONESIA (Persero) Tbk.,Bayu Christianto-084401022922537
KRA,"JK40010628  ",AAM,A,AAM,"GT          ","REGULAR     ",HAMDANI,BIN TUMING,"OWNER       ",BANK RAKYAT INDONESIA (Persero) Tbk.,Amdani-084401004350536
KRA,"JK40010628  ",AAM,A,AAM,"GT          ","REGULAR     ",OTIH,BT KOTOT,THIRDPAYMENT,BANK RAKYAT INDONESIA (Persero) Tbk.,Amdani-084401004350536
KRA,"JK40012634  ",SUGIH MUKTI,A,SUGIH MUKTI,"GT          ","REGULAR     ",RONIN,RONIN,"OWNER       ",BANK MANDIRI (Persero) Tbk.,MARJUKI-1560011857770
KRA,"JK40012634  ",SUGIH MUKTI,A,SUGIH MUKTI,"GT          ","REGULAR     ",BUDI,SETIAWAN,THIRDPAYMENT,BANK MANDIRI (Persero) Tbk.,MARJUKI-1560011857770
KRA,"JK40012634  ",SUGIH MUKTI,A,SUGIH MUKTI,"GT          ","REGULAR     ",MARJUKI,MARJUKI,THIRDPAYMENT,BANK MANDIRI (Persero) Tbk.,MARJUKI-1560011857770
KRA,"JO10000033  ",KOPERASI KARYAWAN SAMPOERNA,A,KOPERASI KARYAWAN SAMPOERNA,"GT          ","SRC         ",WIDODO HERI,KUSRIWINTO,"OWNER       ",BANK MANDIRI (Persero) Tbk.,KOPERASI KARYAWAN SAMPOERNA-1410000040113
KRA,"KRA0000580  ",RM. ANEKA BARU,A,RM. ANEKA BARU,"LAMPHOP     ",,SUGANDA,SUGANDA,"OWNER       ",BANK RAKYAT INDONESIA (Persero) Tbk.,SUGANDA-011601500957156
KRA,"KRA0001108  ",CV. LEBAK SARI INDAH,A,CV. LEBAK SARI INDAH,"LAMPHOP     ",,"ROSMAWATI, SE","ROSMAWATI, SE","OWNER       ",BANK CENTRAL ASIA Tbk.,Lebak Sari Indah CV-1093022789
KRA,"KRA0001476  ",MM RANGGA,A,MM RANGGA,"MT          ","NONSIGKA    ",EVA,FATHURRAHMAH,"OWNER       ",BANK CENTRAL ASIA Tbk.,Eva Fathurrahmah-5765150008
KRA,"KRA0001722  ",TOKO TIARA,A,TOKO TIARA,"GT          ","REGULAR     ","OKA ",DURAHMAN,"OWNER       ",BANK NEGARA INDONESIA 1946 (Persero) Tbk.,Bpk Oka Durahman-0234857378
KRA,"KRA0002171  ",MEGA,A,MEGA,"GT          ","REGULAR     ",HENDRI,ANTONI,"OWNER       ",BANK MANDIRI (Persero) Tbk.,Elva Nofrita-1730003484640
KRA,"KRA0002171  ",MEGA,A,MEGA,"GT          ","REGULAR     ",ELVA,NOFRITA,THIRDPAYMENT,BANK MANDIRI (Persero) Tbk.,Elva Nofrita-1730003484640
KRA,"KRA0002268  ",MM. BARU,A,MM. BARU,"MT          ","NONSIGKA    ",YULIANA,RUSLI,"OWNER       ",BANK OCBC NISP,Yuliana Rusli-0300899990
KRA,"KRA0002268  ",MM. BARU,A,MM. BARU,"MT          ","NONSIGKA    ",AGUS,SUMARWAN,THIRDPAYMENT,BANK OCBC NISP,Yuliana Rusli-0300899990
KRA,"KRA0002309  ",PT. INDO ALAM SARI,A,PT. INDO ALAM SARI,"LAMPHOP     ",,LEONARDI,WIRAATMADJA,"OWNER       ",BANK CENTRAL ASIA Tbk.,INDO ALAM SARI PT-1093007216
KRA,"KRA0002309  ",PT. INDO ALAM SARI,A,PT. INDO ALAM SARI,"LAMPHOP     ",,JARDINE TENGES,SAMUDRA,THIRDPAYMENT,BANK CENTRAL ASIA Tbk.,INDO ALAM SARI PT-1093007216
KRA,"KRA0002309  ",PT. INDO ALAM SARI,A,PT. INDO ALAM SARI,"LAMPHOP     ",,ELDY,WIRAATMADJA,THIRDPAYMENT,BANK CENTRAL ASIA Tbk.,INDO ALAM SARI PT-1093007216
KRA,"KRA0003994  ",PT. JEDO ABADI LESTARI,A,RESTORAN DEWI AIR,"LAMPHOP     ",,DAVID,FRESLIE,"OWNER       ",BANK MANDIRI (Persero) Tbk.,PT. JEDO ABADI LESTARI-1730019991117
KRA,"KRA0004112  ",DAWAN,A,DAWAN,"GT          ","REGULAR     ",H DAWAN,H DAWAN,"OWNER       ",BANK MANDIRI (Persero) Tbk.,HJ Nasih-1730001500744
KRA,"KRA0004112  ",DAWAN,A,DAWAN,"GT          ","REGULAR     ",NASIH,NASIH,THIRDPAYMENT,BANK MANDIRI (Persero) Tbk.,HJ Nasih-1730001500744
KRA,"KRA0005479  ",INDOLIBERTY KANTIN,A,INDOLIBERTY KANTIN,"MT          ","NONSIGKA    ",DIDIN,KOMARUDIN,"OTHER       ",BANK CENTRAL ASIA Tbk.,Reza Oktorian Prajab-7425055267
KRA,"KRA0005479  ",INDOLIBERTY KANTIN,A,INDOLIBERTY KANTIN,"MT          ","NONSIGKA    ",REZA,OCTORIAN PRAJAB,"OWNER       ",BANK CENTRAL ASIA Tbk.,Reza Oktorian Prajab-7425055267
KRA,"KRA0006424  ",KIA MART KANTIN,A,KIA MART KANTIN,"MT          ","NONSIGKA    ",DOEDY,"HIDAYAT S, S.SI","OWNER       ",BANK BUKOPIN,KOP KAR PT. KIA KARAWANG-1001141232
KRA,"KRA0006424  ",KIA MART KANTIN,A,KIA MART KANTIN,"MT          ","NONSIGKA    ",EDI,JUNAEDI,"OTHER       ",BANK BUKOPIN,KOP KAR PT. KIA KARAWANG-1001141232
KRA,"KRA0007480  ",A. GOPUR,A,A. GOPUR,"GT          ","REGULAR     ",ABDUL,GOPUR,"OWNER       ",BANK NEGARA INDONESIA 1946 (Persero) Tbk.,Sdr Saepudin-0537738152
KRA,"KRA0007480  ",A. GOPUR,A,A. GOPUR,"GT          ","REGULAR     ",SAEPUDIN,SAEPUDIN,THIRDPAYMENT,BANK NEGARA INDONESIA 1946 (Persero) Tbk.,Sdr Saepudin-0537738152
KRA,"KRA0008078  ",YADI,A,YADI,"GT          ","REGULAR     ",YADI,YADI,"OWNER       ",BANK RAKYAT INDONESIA (Persero) Tbk.,Kikin Sopyan-084401023252537
KRA,"KRA0008078  ",YADI,A,YADI,"GT          ","REGULAR     ",ELA,ELA,THIRDPAYMENT,BANK RAKYAT INDONESIA (Persero) Tbk.,Kikin Sopyan-084401023252537
KRA,"KRA0008078  ",YADI,A,YADI,"GT          ","REGULAR     ",KIKIN,SOPYAN,THIRDPAYMENT,BANK RAKYAT INDONESIA (Persero) Tbk.,Kikin Sopyan-084401023252537
KRA,"KRA0008722  ",TOKO RAIHAN,A,TOKO RAIHAN,"GT          ","REGULAR     ",TARMO,SUGIARTO,"OWNER       ",BANK RAKYAT INDONESIA (Persero) Tbk.,TARMO SUGIARTO-207301000085304
KRA,"KRA0008722  ",TOKO RAIHAN,A,TOKO RAIHAN,"GT          ","REGULAR     ",ECIH,ECIH,THIRDPAYMENT,BANK RAKYAT INDONESIA (Persero) Tbk.,TARMO SUGIARTO-207301000085304
KRA,"KRA0008737  ",MUTIARA,A,MUTIARA,"GT          ","REGULAR     ",RAKIM,RAKIM,"OWNER       ",BANK MANDIRI (Persero) Tbk.,Asep Mulyadi-1730014441555
KRA,"KRA0008737  ",MUTIARA,A,MUTIARA,"GT          ","REGULAR     ",LUSI,SUHARTINI,THIRDPAYMENT,BANK MANDIRI (Persero) Tbk.,Asep Mulyadi-1730014441555
KRA,"KRA0008737  ",MUTIARA,A,MUTIARA,"GT          ","REGULAR     ",ASEP,MULYADI,THIRDPAYMENT,BANK MANDIRI (Persero) Tbk.,Asep Mulyadi-1730014441555
KRA,"KRA0009715  ",ADE YANI,A,H. ADE,"GT          ","REGULAR     ",ADE,SRIYANI,"OWNER       ",BANK RAKYAT INDONESIA (Persero) Tbk.,Ade Sriyani-326101026868538
KRA,"KRA0011548  ",KOPERASI KARYAWAN ASAHIMAS,A,KOPERASI KARYAWAN ASAHIMAS,"MT          ","NONSIGKA    ",TRIZA,PAHALA SETIANTO,"OWNER       ",BANK MANDIRI (Persero) Tbk.,KOPKAR ASAHIMAS-1190093035945
KRA,"KRA0011548  ",KOPERASI KARYAWAN ASAHIMAS,A,KOPERASI KARYAWAN ASAHIMAS,"MT          ","NONSIGKA    ",KUSUMA,GUNAWAN,"OWNER       ",BANK MANDIRI (Persero) Tbk.,KOPKAR ASAHIMAS-1190093035945
KRA,"KRA0012146  ",KOPKAR PT. SSI SEJAHTERA,A,KOPKAR PT. SSI SEJAHTERA,"MT          ","NONSIGKA    ",MUSONIP,MUSONIP,"OWNER       ",BANK MANDIRI (Persero) Tbk.,KOP Karyawan PT SSI Sejahtera-1730000204579
KRA,"KRA0012146  ",KOPKAR PT. SSI SEJAHTERA,A,KOPKAR PT. SSI SEJAHTERA,"MT          ","NONSIGKA    ",MERIAM,SITI,"OTHER       ",BANK MANDIRI (Persero) Tbk.,KOP Karyawan PT SSI Sejahtera-1730000204579
KRA,"KRA0012186  ",KANTIN KOPKAR PT TOKAI TEXPRINT INDONESIA,A,KANTIN KOPKAR PT TOKAI TEXPRINT INDONESIA,"MT          ","NONSIGKA    ",NAJAMUDDIN,LUBIS,"OWNER       ",BANK NEGARA INDONESIA 1946 (Persero) Tbk.,Bpk Evip Supriadi-0167620128
KRA,"KRA0012186  ",KANTIN KOPKAR PT TOKAI TEXPRINT INDONESIA,A,KANTIN KOPKAR PT TOKAI TEXPRINT INDONESIA,"MT          ","NONSIGKA    ",EVIP,SUPRIADI,THIRDPAYMENT,BANK NEGARA INDONESIA 1946 (Persero) Tbk.,Bpk Evip Supriadi-0167620128
KRA,"KRA0012193  ",KANTIN KOPKAR PT NISSAN MOTOR,A,KANTIN KOPPKAR PT NMI,"MT          ","NONSIGKA    ",SUHUD,HARAHAP,"OWNER       ",BANK CENTRAL ASIA Tbk.,Suhud Harahap-4601033636
KRA,"KRA0012846  ",KOPKAR PT. SUMI RUBBER INDONESIA,A,KOPKAR PT. SUMI RUBBER INDONESIA,"MT          ","NONSIGKA    ",IMAT,RUHIMAT,"OWNER       ",BANK DANAMON INDONESIA Tbk.,KOPKAR PT. Sumi Rubber Indonesia-003579871504
KRA,"KRA0012846  ",KOPKAR PT. SUMI RUBBER INDONESIA,A,KOPKAR PT. SUMI RUBBER INDONESIA,"MT          ","NONSIGKA    ",RISMEN,SIGALINGGING,"OTHER       ",BANK DANAMON INDONESIA Tbk.,KOPKAR PT. Sumi Rubber Indonesia-003579871504
KRA,"KRA0012846  ",KOPKAR PT. SUMI RUBBER INDONESIA,A,KOPKAR PT. SUMI RUBBER INDONESIA,"MT          ","NONSIGKA    ",HERDIANSYAH,HERDIANSYAH,"OTHER       ",BANK DANAMON INDONESIA Tbk.,KOPKAR PT. Sumi Rubber Indonesia-003579871504
KRA,"KRA0012846  ",KOPKAR PT. SUMI RUBBER INDONESIA,A,KOPKAR PT. SUMI RUBBER INDONESIA,"MT          ","NONSIGKA    ",APEP,KADARISMAN,"OWNER       ",BANK DANAMON INDONESIA Tbk.,KOPKAR PT. Sumi Rubber Indonesia-003579871504
KRA,"KRA0012846  ",KOPKAR PT. SUMI RUBBER INDONESIA,A,KOPKAR PT. SUMI RUBBER INDONESIA,"MT          ","NONSIGKA    ",ARIF,SETYAWAN,"OWNER       ",BANK DANAMON INDONESIA Tbk.,KOPKAR PT. Sumi Rubber Indonesia-003579871504
KRA,"KRA0012846  ",KOPKAR PT. SUMI RUBBER INDONESIA,A,KOPKAR PT. SUMI RUBBER INDONESIA,"MT          ","NONSIGKA    ",INDRA,ARI YUDHANTO,"OWNER       ",BANK DANAMON INDONESIA Tbk.,KOPKAR PT. Sumi Rubber Indonesia-003579871504
KRA,"KRA0012846  ",KOPKAR PT. SUMI RUBBER INDONESIA,A,KOPKAR PT. SUMI RUBBER INDONESIA,"MT          ","NONSIGKA    ",IR. H. KARIM,KURNIA GUSTIAR,"OTHER       ",BANK DANAMON INDONESIA Tbk.,KOPKAR PT. Sumi Rubber Indonesia-003579871504
KRA,"KRA0012846  ",KOPKAR PT. SUMI RUBBER INDONESIA,A,KOPKAR PT. SUMI RUBBER INDONESIA,"MT          ","NONSIGKA    ",BAMBANG,KUSWANTORO,"OTHER       ",BANK DANAMON INDONESIA Tbk.,KOPKAR PT. Sumi Rubber Indonesia-003579871504
KRA,"KRA0012846  ",KOPKAR PT. SUMI RUBBER INDONESIA,A,KOPKAR PT. SUMI RUBBER INDONESIA,"MT          ","NONSIGKA    ",SUDARMANTO,SUDARMANTO,"OTHER       ",BANK DANAMON INDONESIA Tbk.,KOPKAR PT. Sumi Rubber Indonesia-003579871504
KRA,"KRA0012846  ",KOPKAR PT. SUMI RUBBER INDONESIA,A,KOPKAR PT. SUMI RUBBER INDONESIA,"MT          ","NONSIGKA    ",ADE,NURYAMAN,"OTHER       ",BANK DANAMON INDONESIA Tbk.,KOPKAR PT. Sumi Rubber Indonesia-003579871504
KRA,"KRA0012846  ",KOPKAR PT. SUMI RUBBER INDONESIA,A,KOPKAR PT. SUMI RUBBER INDONESIA,"MT          ","NONSIGKA    ",ADE,SUHENDI,"OTHER       ",BANK DANAMON INDONESIA Tbk.,KOPKAR PT. Sumi Rubber Indonesia-003579871504
KRA,"KRA0012852  ",KANTIN KOPKAR PT. MONDELEZ,A,KANTIN KOPKAR PT. MONDELEZ,"MT          ","NONSIGKA    ",KAMALUDIN,KAMALUDIN,"OWNER       ",BANK CIMB NIAGA TBK,SUDARIYANTO-700152139800
KRA,"KRA0012852  ",KANTIN KOPKAR PT. MONDELEZ,A,KANTIN KOPKAR PT. MONDELEZ,"MT          ","NONSIGKA    ",SUDARIYANTO,SUDARIYANTO,THIRDPAYMENT,BANK CIMB NIAGA TBK,SUDARIYANTO-700152139800
KRA,"KRA0012953  ",KOPERASI KARYAWAN HINO MOTORS MANUFACTURING INDONESIA,A,KOPKAR PT. HMMI,"MT          ","NONSIGKA    ",FAISAL,"FAJAR HERPAN, AMD","OWNER       ",BANK CENTRAL ASIA Tbk.,KOPKAR PT HMMI-4603148111
KRA,"KRA0013090  ",MINIMARKET PT. PERSADA ABADI SUKSES,A,MINIMARKET PT. PERSADA ABADI SUKSES,"MT          ","NONSIGKA    ",MARYANA,MARYANA,"OWNER       ",BANK MANDIRI (Persero) Tbk.,DWI YULIANTI-9000029585651
KRA,"KRA0013090  ",MINIMARKET PT. PERSADA ABADI SUKSES,A,MINIMARKET PT. PERSADA ABADI SUKSES,"MT          ","NONSIGKA    ",DWI,YULIANTI,"OWNER       ",BANK MANDIRI (Persero) Tbk.,DWI YULIANTI-9000029585651
KRA,"KRA0013238  ",KANTIN KOPERASI LAPAS 3 CIKARANG,A,KANTIN KOPERASI LAPAS 3 CIKARANG,"MT          ","NONSIGKA    ",MUAHIR,MUAHIR,"OWNER       ",BANK CENTRAL ASIA Tbk.,Muahir-3431463707
KRA,"KRA0013698  ",KOPERASI KARYAWAN PT. UNITED TRACTORS,A,KOPERASI KARYAWAN KANITRA,"MT          ","NONSIGKA    ",ARIF,BURHAN THOYIB,"OWNER       ",BANK PERMATA Tbk.,KOPERASI KARYAWAN KANITRA-0701442458
KRA,"KRA0013698  ",KOPERASI KARYAWAN PT. UNITED TRACTORS,A,KOPERASI KARYAWAN KANITRA,"MT          ","NONSIGKA    ",SYAHRIL,MUNADI,"OWNER       ",BANK PERMATA Tbk.,KOPERASI KARYAWAN KANITRA-0701442458
KRA,"KRA0013698  ",KOPERASI KARYAWAN PT. UNITED TRACTORS,A,KOPERASI KARYAWAN KANITRA,"MT          ","NONSIGKA    ",ERINTAN,MARLINDA S,"OWNER       ",BANK PERMATA Tbk.,KOPERASI KARYAWAN KANITRA-0701442458
KRA,"KRA0013769  ",IMAS,A,IMAS,"GT          ","REGULAR     ",IMAS,PERMASIH,"OWNER       ",BANK RAKYAT INDONESIA (Persero) Tbk.,IMAS PERMASIH BT MARWI-367401016608539
KRA,"KRA0014342  ",HELPA,A,HELPA,"GT          ","SRC         ",AWAN,PAHRULROJI,"OWNER       ",BANK CENTRAL ASIA Tbk.,AWAN PAHRULROJI-1090397938
KRA,"KRA0014845  ",Ramadhan,A,Tk. Ramadhan,"GT          ","SRC         ",SUHARTINI,SUHARTINI,"OWNER       ",BANK RAKYAT INDONESIA (Persero) Tbk.,SUHARTINI-410501014099530
KRA,"KRA0018082  ",Pak Dedi,A,Pak Dedi,"GT          ","SRC         ",Junaedi,Junaedi,"OWNER       ",BANK MANDIRI (Persero) Tbk.,YUNI YULIANTI-1320011573210
KRA,"KRA0018082  ",Pak Dedi,A,Pak Dedi,"GT          ","SRC         ",YAYAH,YAYAH,"OTHER       ",BANK MANDIRI (Persero) Tbk.,YUNI YULIANTI-1320011573210
KRA,"KRA0018082  ",Pak Dedi,A,Pak Dedi,"GT          ","SRC         ",YUNI,YULIANTI,"OTHER       ",BANK MANDIRI (Persero) Tbk.,YUNI YULIANTI-1320011573210
KRA,"KRA0018375  ",Dede cahyana,A,Andrian,"GT          ","SRC         ",Dede,Cahyana,"OWNER       ",BANK CENTRAL ASIA Tbk.,DEDE CAHYANA-2310522026
KRA,"KRA0018375  ",Dede cahyana,A,Andrian,"GT          ","SRC         ","LISCA ",LIDIAWATI KAMBEY,"OTHER       ",BANK CENTRAL ASIA Tbk.,DEDE CAHYANA-2310522026
KRA,"KRA0024839  ",Toko Kantin Bani Al-Muntasyir,A,Toko Kantin Bani Al-Muntasyir,"GT          ","SRC         ",MUHAMAD,ALI MURTADO,"OWNER       ",BANK RAKYAT INDONESIA (Persero) Tbk.,EKA MARLINA-367201027370537
KRA,"KRA0024839  ",Toko Kantin Bani Al-Muntasyir,A,Toko Kantin Bani Al-Muntasyir,"GT          ","SRC         ",EKA,MARLINA,"OTHER       ",BANK RAKYAT INDONESIA (Persero) Tbk.,EKA MARLINA-367201027370537
