JKB,"JI10000015  ",PT TUMBUH SEHAT MAKMUR,A,TEMATIK HOTEL,"LAMPHOP     ",,WEDJI,HARTONO P,"OWNER       ",BANK CENTRAL ASIA Tbk.,TUMBUH SEHAT MAKMUR PT-1683081969
JKB,"JI10000015  ",PT TUMBUH SEHAT MAKMUR,A,TEMATIK HOTEL,"LAMPHOP     ",,HARIS,RUMAMPOUW,"OWNER       ",BANK CENTRAL ASIA Tbk.,TUMBUH SEHAT MAKMUR PT-1683081969
JKB,"JI10000054  ",JAKARTA FRUIT MARKET GREENVILLE,A,JAKARTA FRUIT MARKET GREENVILLE,"MT          ","NONSIGKA    ",BERNHARD,PALIGIES,"OWNER       ",BANK CENTRAL ASIA Tbk.,Bernhard Paligies-7040311631
JKB,"JI10000090  ",PT. SANGGAR MUSTIKAPADMA,A,MINI MARKET ANGGREK,"MT          ","NONSIGKA    ",HANDRIAN,TJAHJA,"OWNER       ",BANK CENTRAL ASIA Tbk.,SANGGAR MUSTIKAPADMA PT-4673003896
JKB,"JI10000090  ",PT. SANGGAR MUSTIKAPADMA,A,MINI MARKET ANGGREK,"MT          ","NONSIGKA    ",TJAHJA,SATHIADI,"OWNER       ",BANK CENTRAL ASIA Tbk.,SANGGAR MUSTIKAPADMA PT-4673003896
JKB,"JI10000090  ",PT. SANGGAR MUSTIKAPADMA,A,MINI MARKET ANGGREK,"MT          ","NONSIGKA    ",DAHLIA,BOENTARAN,"OWNER       ",BANK CENTRAL ASIA Tbk.,SANGGAR MUSTIKAPADMA PT-4673003896
JKB,"JI10000090  ",PT. SANGGAR MUSTIKAPADMA,A,MINI MARKET ANGGREK,"MT          ","NONSIGKA    ",LIDIA,BOENTARAN,"OWNER       ",BANK CENTRAL ASIA Tbk.,SANGGAR MUSTIKAPADMA PT-4673003896
JKB,"JI10000090  ",PT. SANGGAR MUSTIKAPADMA,A,MINI MARKET ANGGREK,"MT          ","NONSIGKA    ",DONEL LUNTAN,BOENTARAN,"OWNER       ",BANK CENTRAL ASIA Tbk.,SANGGAR MUSTIKAPADMA PT-4673003896
JKB,"JK10000394  ",Robi,A,ROBI,"GT          ","SRC         ",SYAMSUDIN,SYAMSUDIN,"OWNER       ",BANK RAKYAT INDONESIA (Persero) Tbk.,SEPTI SUSANTI-330901017349531
JKB,"JK10000394  ",Robi,A,ROBI,"GT          ","SRC         ",SEPTI,SUSANTI,"OWNER       ",BANK RAKYAT INDONESIA (Persero) Tbk.,SEPTI SUSANTI-330901017349531
JKB,"JK10000785  ",MEKAR JAYA,A,MEKAR JAYA,"GT          ","SRC         ",Linawaty,Sony,"OWNER       ",BANK CENTRAL ASIA Tbk.,Linawaty Sony-0741072172
JKB,"JK10001386  ",LIV MINIMARKET,A,LIV MINIMARKET,"MT          ","NONSIGKA    ",ROMY SETIA,DHARMA S W,"OWNER       ",THE HONGKONG AND SHANGHAI BC,Nathalia S Widjaya-929016756075
JKB,"JK10002253  ",SITI,A,SITI,"GT          ","SRC         ",NARPIN,NARPIN,"OWNER       ",BANK RAKYAT INDONESIA (Persero) Tbk.,NARPIN-427101014116539
JKB,"JK10002745  ",FEMI,A,FEMI,"GT          ","SRC         ",JUNI,JUNI,"OWNER       ",BANK CENTRAL ASIA Tbk.,JUNI-16811285101
JKB,"JK10003057  ",SURYA BARU,A,SURYA BARU,"GT          ","SRC         ",Jamaludin,b h Naim,"OWNER       ",BANK NEGARA INDONESIA 1946 (Persero) Tbk.,IBU SURIYA-628281400
JKB,"JK10003057  ",SURYA BARU,A,SURYA BARU,"GT          ","SRC         ",IBU SURIYA,IBU SURIYA,"OWNER       ",BANK NEGARA INDONESIA 1946 (Persero) Tbk.,IBU SURIYA-628281400
JKB,"JK10003378  ",Bahri,A,Bahri,"GT          ","SRC         ",DAHRI,DAHRI,"OWNER       ",BANK RAKYAT INDONESIA (Persero) Tbk.,ELSA ELPIANA-429401014775535
JKB,"JK10003378  ",Bahri,A,Bahri,"GT          ","SRC         ",ELSA,ELPIANA,"OWNER       ",BANK RAKYAT INDONESIA (Persero) Tbk.,ELSA ELPIANA-429401014775535
JKB,"JK10003401  ",Endang,A,ENDANG,"GT          ","SRC         ",ANDRE,EKO PRIBADI,"OWNER       ",BANK CENTRAL ASIA Tbk.,Yuhanes pribadi-800874901
JKB,"JK10003401  ",Endang,A,ENDANG,"GT          ","SRC         ",YUHANES PRIBADI,YUHANES PRIBADI,"OWNER       ",BANK CENTRAL ASIA Tbk.,Yuhanes pribadi-800874901
JKB,"JK10003678  ",JAKARTA FRUIT MARKET,A,JF MARKET,"MT          ","NONSIGKA    ",FREDDY BUDIMAN,PALIGIES,"OWNER       ",BANK CENTRAL ASIA Tbk.,GRACE SEPTIANA PALIGIES-2440371691
JKB,"JK10003678  ",JAKARTA FRUIT MARKET,A,JF MARKET,"MT          ","NONSIGKA    ",AGUSTIN,PALIGIES,"OWNER       ",BANK CENTRAL ASIA Tbk.,GRACE SEPTIANA PALIGIES-2440371691
JKB,"JK10003678  ",JAKARTA FRUIT MARKET,A,JF MARKET,"MT          ","NONSIGKA    ",GRACE,SEPTIANA PALIGIES,"OWNER       ",BANK CENTRAL ASIA Tbk.,GRACE SEPTIANA PALIGIES-2440371691
JKB,"JK10003948  ",GLORIA KENCANA,A,GLORIA KENCANA,"MT          ","NONSIGKA    ",TONTJE,HERMANUS,"OWNER       ",BANK NEGARA INDONESIA 1946 (Persero) Tbk.,TONTJE HERMANUS-8998991789
JKB,"JK10003948  ",GLORIA KENCANA,A,GLORIA KENCANA,"MT          ","NONSIGKA    ",HERMAN,SUJANTO,THIRDPAYMENT,BANK NEGARA INDONESIA 1946 (Persero) Tbk.,TONTJE HERMANUS-8998991789
JKB,"JK10003948  ",GLORIA KENCANA,A,GLORIA KENCANA,"MT          ","NONSIGKA    ",DEDDY,HERMANUS,THIRDPAYMENT,BANK NEGARA INDONESIA 1946 (Persero) Tbk.,TONTJE HERMANUS-8998991789
JKB,"JK10004020  ",DACHI,A,DACHI,"GT          ","SRC         ",SUDARMI,SUDARMI,"OWNER       ",BANK RAKYAT INDONESIA (Persero) Tbk.,SUDARMI-96301018177530
JKB,"JK10004654  ",USUP,A,USUP,"GT          ","SRC         ",YUSUP,YUSUP,"OWNER       ",BANK RAKYAT INDONESIA (Persero) Tbk.,YUSUP-332701011995536
JKB,"JK10007698  ",MARWAH,A,MARWAH,"GT          ","SRC         ",HJ. SITI,MARWA,"OWNER       ",BANK PAN INDONESIA Tbk.,HJ SITI MARWA-393008874
JKB,"JK10007994  ",Ambo Daik,A,Ambo Daik,"GT          ","SRC         ",AMBO,DAIK,"OWNER       ",BANK CENTRAL ASIA Tbk.,AMBO DAIK-3131482378
JKB,"JK10008885  ",UUN,A,UUN,"GT          ","SRC         ",MAIMUNAH,MAIMUNAH,"OWNER       ",BANK RAKYAT INDONESIA (Persero) Tbk.,MAIMUNAH- 096301024503533
JKB,"JK10009129  ",Sutarjo,A,SUTARJO,"GT          ","SRC         ",TARDJO,TARDJO,"OWNER       ",BANK RAKYAT INDONESIA (Persero) Tbk.,EDI SUPRIYANTO-37701023247509
JKB,"JK10009129  ",Sutarjo,A,SUTARJO,"GT          ","SRC         ","EDI ",SUPRIYANTO,"OWNER       ",BANK RAKYAT INDONESIA (Persero) Tbk.,EDI SUPRIYANTO-37701023247509
JKB,"JK10009903  ",ANJAR,A,ANJAR,"GT          ","SRC         ",SURYANI,SURYANI,"OWNER       ",BANK NEGARA INDONESIA 1946 (Persero) Tbk.,SURYANI-804967735
JKB,"JK10009910  ",Ainun,A,AINUN,"GT          ","SRC         ",DAIMAH,DAIMAH,"OWNER       ",BANK CENTRAL ASIA Tbk.,DAIMAH-5310824919
JKB,"JK10009926  ",Ningsih,A,NINGSIH,"GT          ","SRC         ",HUSNIDAR,TANJUNG,"OWNER       ",BANK RAKYAT INDONESIA (Persero) Tbk.,HUSNIDAR TANJUNG-96301035349532
JKB,"JK10009926  ",Ningsih,A,NINGSIH,"GT          ","SRC         ",MAYA SARI,MAYA SARI,"OWNER       ",BANK RAKYAT INDONESIA (Persero) Tbk.,HUSNIDAR TANJUNG-96301035349532
JKB,"JK10010307  ",SYIFA BARUNA,A,Syifa Baruna,"GT          ","SRC         ",ZURIAH,IBRAHIM,"OWNER       ",BANK CENTRAL ASIA Tbk.,ZURIAH IBRAHIM-5635937029
JKB,"JK10010342  ",Luky,A,Luky,"GT          ","SRC         ",MUJIATI,MUJIATI,"OWNER       ",BANK RAKYAT INDONESIA (Persero) Tbk.,ARTI-322501020687530
JKB,"JK10010342  ",Luky,A,Luky,"GT          ","SRC         ",ARTI,ARTI,"OWNER       ",BANK RAKYAT INDONESIA (Persero) Tbk.,ARTI-322501020687530
JKB,"JK10011247  ",HAW HAW FRESH MARKET,A,HAW HAW FRESH MARKET,"MT          ","NONSIGKA    ",ELLY,KUMALA,"OWNER       ",BANK CENTRAL ASIA Tbk.,ELLY KUMALA-5810319919
JKB,"JK10011579  ",TK. CITRA JAYA,A,TK. CITRA JAYA,"GT          ","REGULAR     ",A' ANG,WAHYUNI,"OWNER       ",BANK CENTRAL ASIA Tbk.,A'ANG WAHYUNI-4070003428
JKB,"JK10011672  ",HJ. ROS,A,HJ. ROS,"GT          ","SRC         ",MUSTARI,MUSTARI,"OWNER       ",BANK RAKYAT INDONESIA (Persero) Tbk.,ROSMINI BINTI TINGGI-96301034911530
JKB,"JK10011672  ",HJ. ROS,A,HJ. ROS,"GT          ","SRC         ","ROSMINI ",BINTI TINGGI,"OWNER       ",BANK RAKYAT INDONESIA (Persero) Tbk.,ROSMINI BINTI TINGGI-96301034911530
JKB,"JK10011727  ",MINAH,A,MINAH,"GT          ","SRC         ",AMINAH,BT. SANUSI,"OWNER       ",BANK RAKYAT INDONESIA (Persero) Tbk.,PRINGGO KUSUMA DWI NOOR-41701023493508
JKB,"JK10011727  ",MINAH,A,MINAH,"GT          ","SRC         ",PRINGGO,KUSUMA DWI NOOR,THIRDPAYMENT,BANK RAKYAT INDONESIA (Persero) Tbk.,PRINGGO KUSUMA DWI NOOR-41701023493508
JKB,"JK20000311  ",SRI,A,SRI,"GT          ","SRC         ",SRI,SUKANI,"OWNER       ",BANK RAKYAT INDONESIA (Persero) Tbk.,MUTIARA RAHMAWATI-39901022652501
JKB,"JK20000311  ",SRI,A,SRI,"GT          ","SRC         ",MUTIARA,RAHMAWATI,"OWNER       ",BANK RAKYAT INDONESIA (Persero) Tbk.,MUTIARA RAHMAWATI-39901022652501
JKB,"JK20000353  ",AAT,A,AAT,"GT          ","SRC         ",AAT,SUDIATMIKO,"OWNER       ",BANK RAKYAT INDONESIA (Persero) Tbk.,CASMURAH-711701005158535
JKB,"JK20000353  ",AAT,A,AAT,"GT          ","SRC         ",CASMURAH,CASMURAH,"OWNER       ",BANK RAKYAT INDONESIA (Persero) Tbk.,CASMURAH-711701005158535
JKB,"JK20000404  ",ANEKA BUAH,A,ANEKA BUAH,"MT          ","NONSIGKA    ",ANDREW,CHRIST WIRATAMA,"OWNER       ",BANK CENTRAL ASIA Tbk.,SI TJAI KIAT-7570322278
JKB,"JK20000436  ",DEDI,A,DEDI,"GT          ","SRC         ",DEDI S,DEDI S,"OWNER       ",BANK RAKYAT INDONESIA (Persero) Tbk.,DEDI S-37701017862507
JKB,"JK20000462  ",LATOVA,A,LATOVA,"GT          ","SRC         ",BRAM,HARDIMAN,"OWNER       ",BANK CENTRAL ASIA Tbk.,YOZIMA-6380347499
JKB,"JK20000462  ",LATOVA,A,LATOVA,"GT          ","SRC         ",YOZIMA,YOZIMA,"OWNER       ",BANK CENTRAL ASIA Tbk.,YOZIMA-6380347499
JKB,"JK20000504  ",ARDI,A,ARDI,"GT          ","SRC         ",ARDY,MUTHA ALI,"OWNER       ",BANK CENTRAL ASIA Tbk.,SUPRIYONO-2601182914
JKB,"JK20000504  ",ARDI,A,ARDI,"GT          ","SRC         ",SUPRIYONO,SUPRIYONO,"OWNER       ",BANK CENTRAL ASIA Tbk.,SUPRIYONO-2601182914
JKB,"JK20000516  ",RIZA,A,RIZA,"GT          ","SRC         ",SYAMSURIZAL,SYAMSURIZAL,"OWNER       ",BANK RAKYAT INDONESIA (Persero) Tbk.,SYAMSURIZAL-322501004925536
JKB,"JK20000637  ",SADEAN,A,SADEAN,"GT          ","SRC         ",SADIAN,SADIAN,"OWNER       ",BANK RAKYAT INDONESIA (Persero) Tbk.,SADIAN-41801000100560
JKB,"JK20000737  ",BUGIS / YANI,A,BUGIS / YANI,"GT          ","SRC         ",AHMAD,BAYANI,"OWNER       ",BANK RAKYAT INDONESIA (Persero) Tbk.,AHMAD BAYANI-37701014784506
JKB,"JK20000889  ",DUL,A,DUL,"GT          ","SRC         ",AMALIYAH,AMALIYAH,"OWNER       ",BANK NEGARA INDONESIA 1946 (Persero) Tbk.,KHUSNUL KHOTIMAH-2903198717
JKB,"JK20000889  ",DUL,A,DUL,"GT          ","SRC         ",KHUSNUL,KHOTIMAH,"OWNER       ",BANK NEGARA INDONESIA 1946 (Persero) Tbk.,KHUSNUL KHOTIMAH-2903198717
JKB,"JK20000909  ",ANUGRAH,A,ANUGRAH,"GT          ","SRC         ",SUNARYO,SUNARYO,"OWNER       ",BANK RAKYAT INDONESIA (Persero) Tbk.,SAIDAH-99601031719532
JKB,"JK20000909  ",ANUGRAH,A,ANUGRAH,"GT          ","SRC         ",SAIDAH,SAIDAH,"OWNER       ",BANK RAKYAT INDONESIA (Persero) Tbk.,SAIDAH-99601031719532
JKB,"JK20000922  ",MAKMUR 1,A,MAKMUR 1,"GT          ","SRC         ",ULFA,ARIEFIANI,"OWNER       ",BANK CENTRAL ASIA Tbk.,ULFA ARIEFIANI-8870234415
JKB,"JK20001025  ",METTY,A,METTY,"GT          ","SRC         ",ATUNG,ANTO TANDIONO,"OWNER       ",BANK CENTRAL ASIA Tbk.,ATUNG ANTO TANDIONO-6470092538
JKB,"JK20001048  ",CHUNG,A,CHUNG,"GT          ","SRC         ",THEN,MUK SIONG,"OWNER       ",BANK RAKYAT INDONESIA (Persero) Tbk.,THEN MUK SIONG-96301002071500
JKB,"JK20001090  ",SUMBER REJEKI,A,SUMBER REJEKI,"GT          ","SRC         ",S U Y A N T O,S U Y A N T O,"OWNER       ",BANK RAKYAT INDONESIA (Persero) Tbk.,SUYANTO-322501019315530
JKB,"JK20001263  ",DIAN,A,DIAN,"GT          ","SRC         ","SRI ",SUMARYANI,"OWNER       ",BANK RAKYAT INDONESIA (Persero) Tbk.,SRI SUMARYANI-322501021268533
JKB,"JK20001289  ",LATIF,A,LATIF,"GT          ","SRC         ",IBU FARIKHA,IBU FARIKHA,"OWNER       ",BANK NEGARA INDONESIA 1946 (Persero) Tbk.,IBU FARIKHA-627306119
JKB,"JK20001338  ",SABATALI,A,SABATALI,"GT          ","SRC         ",NORMA ISKANDAR,HARAHAP,"OWNER       ",BANK RAKYAT INDONESIA (Persero) Tbk.,NORMAN ISKANDAR HARAHAP-37701017474508
JKB,"JK20001428  ",CATAM,A,CATAM,"GT          ","SRC         ",CATAM,CATAM,"OWNER       ",BANK CENTRAL ASIA Tbk.,RUMTINAH-5390634562
JKB,"JK20001428  ",CATAM,A,CATAM,"GT          ","SRC         ",RUMTINAH,RUMTINAH,"OWNER       ",BANK CENTRAL ASIA Tbk.,RUMTINAH-5390634562
JKB,"JK20001523  ",YOYO,A,YOYO,"GT          ","SRC         ",PARTOYO,PARTOYO,"OWNER       ",BANK RAKYAT INDONESIA (Persero) Tbk.,PARTOYO-112201001696508
JKB,"JK20001552  ",ASIONG,A,ASIONG,"GT          ","SRC         ",ASMIN,SOEGINO,"OWNER       ",BANK CENTRAL ASIA Tbk.,ASMIN SOEGINO-1981278408
JKB,"JK20001570  ",RINI,A,RINI,"GT          ","SRC         ",DARTINI,DARTINI,"OWNER       ",BANK MANDIRI (Persero) Tbk.,DARTINI-1180001145829
JKB,"JK20001587  ",ALFA INDAH MM,A,ALFA INDAH MM,"MT          ","NONSIGKA    ",SUJATI,SUJATI,"OWNER       ",BANK CENTRAL ASIA Tbk.,Arief Mali Beritan-6250080181
JKB,"JK20001587  ",ALFA INDAH MM,A,ALFA INDAH MM,"MT          ","NONSIGKA    ",ARIEF,MALI BERITAN,THIRDPAYMENT,BANK CENTRAL ASIA Tbk.,Arief Mali Beritan-6250080181
JKB,"JK20001590  ",ROSID,A,ROSID,"GT          ","SRC         ",SUGANDA,SUGANDA,"OWNER       ",BANK MUAMALAT INDONESIA,SUGANDA-3260001915
JKB,"JK20001628  ",SURYADIN,A,SURYADIN,"GT          ","SRC         ",SURYADIN,TAN,"OWNER       ",BANK RAKYAT INDONESIA (Persero) Tbk.,SURYADIN TAN-96301015688532
JKB,"JK20001631  ",DUTA BUAH,A,DUTA BUAH,"MT          ","NONSIGKA    ",SANDY,TJAHJONO,"OWNER       ",BANK CENTRAL ASIA Tbk.,Sandy Tjahjono-7570304806
JKB,"JK20001643  ",MAMAT,A,MAMAT,"GT          ","SRC         ",AKHMAD,AKHMAD,"OWNER       ",BANK PERMATA Tbk.,Alfatihatus Soleha-4112486963
JKB,"JK20001643  ",MAMAT,A,MAMAT,"GT          ","SRC         ",Alfatihatus,Soleha,"OWNER       ",BANK PERMATA Tbk.,Alfatihatus Soleha-4112486963
JKB,"JK20001706  ",RANGKUTI,A,RANGKUTI,"GT          ","SRC         ",MASRAINI,LUBIS,"OWNER       ",BANK CENTRAL ASIA Tbk.,FARID MAULANA-8790228597
JKB,"JK20001706  ",RANGKUTI,A,RANGKUTI,"GT          ","SRC         ",FARID,MAULANA,THIRDPAYMENT,BANK CENTRAL ASIA Tbk.,FARID MAULANA-8790228597
JKB,"JK20001754  ",DADI,A,DADI,"GT          ","SRC         ",TJAHJADI,SUHARDIMAN,"OWNER       ",BANK MANDIRI (Persero) Tbk.,ERNIWATI BR GINTING-1180004229356
JKB,"JK20001754  ",DADI,A,DADI,"GT          ","SRC         ",ERNIWATI AB GINTING,ERNIWATI AB GINTING,"OWNER       ",BANK MANDIRI (Persero) Tbk.,ERNIWATI BR GINTING-1180004229356
JKB,"JK20001761  ",UDIN,A,UDIN,"GT          ","SRC         ",TITIN,SAT ANI,"OWNER       ",BANK RAKYAT INDONESIA (Persero) Tbk.,TITIN SAT ANI-359901001852507
JKB,"JK20001942  ",H BURHAN,A,H BURHAN,"GT          ","SRC         ",HARYATI,HARYATI,"OWNER       ",BANK NEGARA INDONESIA 1946 (Persero) Tbk.,SDR MUHAMMAD SIDIK-350572230
JKB,"JK20001942  ",H BURHAN,A,H BURHAN,"GT          ","SRC         ",SDR MUHAMMAD SIDIK,,"OWNER       ",BANK NEGARA INDONESIA 1946 (Persero) Tbk.,SDR MUHAMMAD SIDIK-350572230
JKB,"JK20002115  ",ANA,A,ANA,"GT          ","SRC         ",ANAH,ANAH,"OWNER       ",BANK CENTRAL ASIA Tbk.,NURLIANINGSIH-4281704383
JKB,"JK20002115  ",ANA,A,ANA,"GT          ","SRC         ",NURLIANINGSIH,NURLIANINGSIH,"OWNER       ",BANK CENTRAL ASIA Tbk.,NURLIANINGSIH-4281704383
JKB,"JK20002135  ",AGUNG CELL 2,A,AGUNG CELL 2,"GT          ","SRC         ",EKA,TITIS SUNTAMI,"OWNER       ",BANK CENTRAL ASIA Tbk.,EKA TITIS SUNTAMI-5310791671
JKB,"JK20002263  ",MUNIR,A,MUNIR,"GT          ","SRC         ",MUNIR,MUNIR,"OWNER       ",BANK RAKYAT INDONESIA (Persero) Tbk.,Munsiti-41501013725501
JKB,"JK20002263  ",MUNIR,A,MUNIR,"GT          ","SRC         ",Munsiti,Munsiti,"OWNER       ",BANK RAKYAT INDONESIA (Persero) Tbk.,Munsiti-41501013725501
JKB,"JK20002272  ",JAMAL,A,JAMAL,"GT          ","SRC         ",DARINA,DARINA,"OWNER       ",BANK CENTRAL ASIA Tbk.,MUSTOFA-4585985504
JKB,"JK20002272  ",JAMAL,A,JAMAL,"GT          ","SRC         ",MUSTOFA,MUSTOFA,"OWNER       ",BANK CENTRAL ASIA Tbk.,MUSTOFA-4585985504
JKB,"JK20002326  ",AINI,A,AINI,"GT          ","SRC         ",ANI,ANI,"OWNER       ",BANK RAKYAT INDONESIA (Persero) Tbk.,ANI-033801001347537
JKB,"JK20002340  ",HARAHAP,A,HARAHAP,"GT          ","SRC         ",SALWAN,SALWAN,"OWNER       ",BANK CENTRAL ASIA Tbk.,Ikke Nurjannah Harahap-5490416104
JKB,"JK20002340  ",HARAHAP,A,HARAHAP,"GT          ","SRC         ",IKKE NURJANNAH,HARAHAP,"OWNER       ",BANK CENTRAL ASIA Tbk.,Ikke Nurjannah Harahap-5490416104
JKB,"JK20002429  ",SANTI,A,SANTI,"GT          ","SRC         ",SUWI,SUWI,"OWNER       ",BANK RAKYAT INDONESIA (Persero) Tbk.,SUWI-759501001706538
JKB,"JK20002667  ",JALI,A,JALI,"GT          ","SRC         ",HAFIZUN,HARAHAP,"OWNER       ",BANK RAKYAT INDONESIA (Persero) Tbk.,HAFIZUN HARAHAP-99601026659535
JKB,"JK20002734  ",KURNIAWAN,A,KURNIAWAN,"GT          ","SRC         ",PAINO,PAINO,"OWNER       ",BANK RAKYAT INDONESIA (Persero) Tbk.,RAHAYU-95701004411505
JKB,"JK20002734  ",KURNIAWAN,A,KURNIAWAN,"GT          ","SRC         ",RAHAYU,RAHAYU,"OWNER       ",BANK RAKYAT INDONESIA (Persero) Tbk.,RAHAYU-95701004411505
JKB,"JK20002891  ",HIKMAH,A,HIKMAH,"GT          ","SRC         ",DIAN,NURFIKA YANTHIE,"OWNER       ",BANK CENTRAL ASIA Tbk.,DIAN NURFIKA YANTHIE-5310793207
JKB,"JK20002919  ",BANG DOEL,A,BANG DOEL,"GT          ","SRC         ",MULYONO,MULYONO,"OWNER       ",BANK CENTRAL ASIA Tbk.,MULYONO-7015241837
JKB,"JK20002938  ",KOPKAR JAPFA COMFEED CITRA SENTOSA,A,KOPKAR JAPFA CCS,"MT          ","NONSIGKA    ",MARITJE,SIWALETTE,"OWNER       ","PT. BANK CIMB NIAGA, TBK.",KOPKAR JAPFA COMFEED CITRA SENTOSA-2380100843005
JKB,"JK20002938  ",KOPKAR JAPFA COMFEED CITRA SENTOSA,A,KOPKAR JAPFA CCS,"MT          ","NONSIGKA    ",HERIANTO,ATHANASIUS,"ADMIN       ","PT. BANK CIMB NIAGA, TBK.",KOPKAR JAPFA COMFEED CITRA SENTOSA-2380100843005
JKB,"JK20002938  ",KOPKAR JAPFA COMFEED CITRA SENTOSA,A,KOPKAR JAPFA CCS,"MT          ","NONSIGKA    ",HARI,BHAKTI,"MANAGER     ","PT. BANK CIMB NIAGA, TBK.",KOPKAR JAPFA COMFEED CITRA SENTOSA-2380100843005
JKB,"JK20002946  ",AKIM,A,AKIM,"GT          ","SRC         ",TJONG,KIM LIUNG,"OWNER       ",BANK MAYAPADA,AKIM-12210006688
JKB,"JK20002946  ",AKIM,A,AKIM,"GT          ","SRC         ",AKIM,,"OWNER       ",BANK MAYAPADA,AKIM-12210006688
JKB,"JK20003031  ",SUWANTO,A,SUWANTO,"GT          ","SRC         ",HADIYANTO,HADIYANTO,"OWNER       ",BANK JASA JAKARTA,HADIYANTO-1000087226
JKB,"JK20003035  ",RENI JAYA,A,RENI JAYA,"GT          ","SRC         ",MUKESI,MUKESI,"OWNER       ",BANK RAKYAT INDONESIA (Persero) Tbk.,MUKESI-712101001650534
JKB,"JK20003078  ",CENGKI,A,CENGKI,"GT          ","SRC         ",KAROLINA,KAROLINA,"OWNER       ",BANK CENTRAL ASIA Tbk.,KAROLINA-5445021226
JKB,"JK20003259  ",YULIA,A,YULIA,"GT          ","SRC         ",OLEH,WISNU WIJAYA,"OWNER       ",BANK RAKYAT INDONESIA (Persero) Tbk.,SINTA PRASISKA-4601053746500
JKB,"JK20003259  ",YULIA,A,YULIA,"GT          ","SRC         ","SINTA ",PRASISKA,"OWNER       ",BANK RAKYAT INDONESIA (Persero) Tbk.,SINTA PRASISKA-4601053746500
JKB,"JK20003476  ",JAYA SAMPURNA,A,JAYA SAMPURNA,"GT          ","SRC         ",ZUBIR,KADIR,"OWNER       ",BANK RAKYAT INDONESIA (Persero) Tbk.,midin nata sofian-780701003826533
JKB,"JK20003476  ",JAYA SAMPURNA,A,JAYA SAMPURNA,"GT          ","SRC         ",midin,nata sofian,"OWNER       ",BANK RAKYAT INDONESIA (Persero) Tbk.,midin nata sofian-780701003826533
JKB,"JK20003508  ",ADE JAYA,A,ADE JAYA,"GT          ","SRC         ",CARNA,CARNA,"OWNER       ",BANK NEGARA INDONESIA 1946 (Persero) Tbk.,TIKA HERAWATI-189245718
JKB,"JK20003508  ",ADE JAYA,A,ADE JAYA,"GT          ","SRC         ","TIKA ",HERAWATI,"OWNER       ",BANK NEGARA INDONESIA 1946 (Persero) Tbk.,TIKA HERAWATI-189245718
JKB,"JK20003518  ",SYARIFUDIN,A,SYARIFUDIN,"GT          ","SRC         ",SARIFUDIN,SARIFUDIN,"OWNER       ",BANK BTPN,HESTI FEBRIYANTI-90013014338
JKB,"JK20003518  ",SYARIFUDIN,A,SYARIFUDIN,"GT          ","SRC         ","HESTI ",FEBRIYANTI,"OWNER       ",BANK BTPN,HESTI FEBRIYANTI-90013014338
JKB,"JK20003567  ",ATO,A,ATO,"GT          ","SRC         ",SAFARDJO,SAFARDJO,"OWNER       ",BANK TABUNGAN NEGARA (Persero),SAFARDJO-69201500006709
JKB,"JK20003580  ",HIDUP,A,HIDUP,"GT          ","SRC         ",KUSNAENI,KUSNAENI,"OWNER       ",BANK RAKYAT INDONESIA (Persero) Tbk.,IDUP-731101010249535
JKB,"JK20003580  ",HIDUP,A,HIDUP,"GT          ","SRC         ",IDUP,IDUP,"OWNER       ",BANK RAKYAT INDONESIA (Persero) Tbk.,IDUP-731101010249535
JKB,"JK20003607  ",SAKAT,A,SAKAT,"GT          ","SRC         ",SUKAT,BUDIARTO,"OWNER       ",BANK CENTRAL ASIA Tbk.,RAHMAT HIDAYAT-8840670750
JKB,"JK20003607  ",SAKAT,A,SAKAT,"GT          ","SRC         ",RAHMAT,HIDAYAT,"OWNER       ",BANK CENTRAL ASIA Tbk.,RAHMAT HIDAYAT-8840670750
JKB,"JK20003659  ",ARSAD,A,ARSAD,"GT          ","SRC         ",RAHMAWATI,RAHMAWATI,"OWNER       ",BANK NEGARA INDONESIA 1946 (Persero) Tbk.,ARSAD-455183508
JKB,"JK20003659  ",ARSAD,A,ARSAD,"GT          ","SRC         ",ARSAD,ARSAD,"OWNER       ",BANK NEGARA INDONESIA 1946 (Persero) Tbk.,ARSAD-455183508
JKB,"JK20003672  ",LIA,A,LIA,"GT          ","SRC         ",A G U S,A G U S,"OWNER       ",BANK RAKYAT INDONESIA (Persero) Tbk.,AGUS-99601029302535
JKB,"JK20003689  ",YULI,A,YULI,"GT          ","SRC         ",MUHIYAH,MUHIYAH,"OWNER       ",BANK RAKYAT INDONESIA (Persero) Tbk.,SPANDOW YULMEN-95901025249531
JKB,"JK20003689  ",YULI,A,YULI,"GT          ","SRC         ",SPANDOW,YULMEN,"OWNER       ",BANK RAKYAT INDONESIA (Persero) Tbk.,SPANDOW YULMEN-95901025249531
JKB,"JK20003728  ",NINA MART,A,NINA MART,"MT          ","NONSIGKA    ",LULUK,HIDAYAH,"OWNER       ",BANK CENTRAL ASIA Tbk.,Nina Masyhur-5050285199
JKB,"JK20003729  ",DOEL,A,DOEL,"GT          ","SRC         ",SUCI,HATI,"OWNER       ",BANK NEGARA INDONESIA 1946 (Persero) Tbk.,Sdr MUHAMAD KHOIRUR RIZA-852387419
JKB,"JK20003729  ",DOEL,A,DOEL,"GT          ","SRC         ","Sdr MUHAMAD ","KHOIRUR ","OWNER       ",BANK NEGARA INDONESIA 1946 (Persero) Tbk.,Sdr MUHAMAD KHOIRUR RIZA-852387419
JKB,"JK20003744  ",TARMAN,A,TARMAN,"GT          ","SRC         ",OYEH,OYEH,"OWNER       ",BANK CENTRAL ASIA Tbk.,SUTARMAN-6470362420
JKB,"JK20003744  ",TARMAN,A,TARMAN,"GT          ","SRC         ",SUTARMAN,SUTARMAN,"OWNER       ",BANK CENTRAL ASIA Tbk.,SUTARMAN-6470362420
JKB,"JK20003766  ",SEDERHANA DEDI,A,SEDERHANA DEDI,"GT          ","SRC         ",TAMI,TAMI,"OWNER       ",BANK RAKYAT INDONESIA (Persero) Tbk.,dedi putra-99601027806533
JKB,"JK20003766  ",SEDERHANA DEDI,A,SEDERHANA DEDI,"GT          ","SRC         ",dedi,putra,"OWNER       ",BANK RAKYAT INDONESIA (Persero) Tbk.,dedi putra-99601027806533
JKB,"JK20003784  ",FAJAR,A,FAJAR,"GT          ","SRC         ",TAHI,OMPUSUNGGU,"OWNER       ",BANK RAKYAT INDONESIA (Persero) Tbk.,TAHI OMPUSUNGGU-324301005024535
JKB,"JK20003872  ",M.M ANEKA- MADYA,A,M.M ANEKA- MADYA,"MT          ","NONSIGKA    ",AGUS,SALIM,"OWNER       ",BANK CENTRAL ASIA Tbk.,AGUS SALIM-2771543440
JKB,"JK20003975  ",PRAJA,A,PRAJA,"GT          ","SRC         ",TUMINAH,TUMINAH,"OWNER       ",BANK RAKYAT INDONESIA (Persero) Tbk.,MARLINA-114401020765508
JKB,"JK20003975  ",PRAJA,A,PRAJA,"GT          ","SRC         ",MARLINA,,"OWNER       ",BANK RAKYAT INDONESIA (Persero) Tbk.,MARLINA-114401020765508
JKB,"JK20004010  ",KARJO,A,KARJO,"GT          ","SRC         ",SUKAREJO,SUKAREJO,"OWNER       ",BANK RAKYAT INDONESIA (Persero) Tbk.,Murgiyanti-37701017749505
JKB,"JK20004010  ",KARJO,A,KARJO,"GT          ","SRC         ",Murgiyanti,Murgiyanti,"OWNER       ",BANK RAKYAT INDONESIA (Persero) Tbk.,Murgiyanti-37701017749505
JKB,"JK20004219  ",SISKA,A,SISKA,"GT          ","SRC         ",SUMINI,SUMINI,"OWNER       ",BANK CENTRAL ASIA Tbk.,siman-2531240555
JKB,"JK20004219  ",SISKA,A,SISKA,"GT          ","SRC         ",siman,siman,"OWNER       ",BANK CENTRAL ASIA Tbk.,siman-2531240555
JKB,"JK20004223  ",RACHMAD,A,RACHMAD,"GT          ","SRC         ",SOLEKAH,SOLEKAH,"OWNER       ",BANK PEMBANGUNAN DAERAH  JATIM,SOLEKAH-853001066
JKB,"JK20004259  ",HERMAN,A,HERMAN,"GT          ","SRC         ",HADI,HADI,"OWNER       ",BANK MANDIRI (Persero) Tbk.,HADI-1550006929866
JKB,"JK20004278  ",HERMANTO SE,A,M.M DUTA BUAH,"MT          ","NONSIGKA    ",HERMANTO,SE,"OWNER       ",BANK CENTRAL ASIA Tbk.,MARIANTO ATAU HERMANTO-2775568788
JKB,"JK20004278  ",HERMANTO SE,A,M.M DUTA BUAH,"MT          ","NONSIGKA    ","MARIANTO,",ST,THIRDPAYMENT,BANK CENTRAL ASIA Tbk.,MARIANTO ATAU HERMANTO-2775568788
JKB,"JK20004284  ",FANY,A,FANY,"GT          ","SRC         ",TARIYANI,TARIYANI,"OWNER       ",BANK RAKYAT INDONESIA (Persero) Tbk.,Tariyani-96301030437534
JKB,"JK20004317  ",SALIMO,A,SALIMO,"GT          ","SRC         ",ANDIKA,ANDIKA,"OWNER       ",BANK RAKYAT INDONESIA (Persero) Tbk.,ANDIKA-747701000933534
JKB,"JK20004359  ",SUPRIYADI,A,SUPRIYADI,"GT          ","SRC         ",MASTUTIK,MASTUTIK,"OWNER       ",BANK RAKYAT INDONESIA (Persero) Tbk.,MASTUTIK-711301010408539
JKB,"JK20004444  ",RIAN,A,RIAN,"GT          ","SRC         ",ISKANDAR.SH,ISKANDAR.SH,"OWNER       ",BANK CENTRAL ASIA Tbk.,NURHASANAH-5310819087
JKB,"JK20004444  ",RIAN,A,RIAN,"GT          ","SRC         ",NURHASANAH,NURHASANAH,"OWNER       ",BANK CENTRAL ASIA Tbk.,NURHASANAH-5310819087
JKB,"JK20004539  ",EDI,A,EDI,"GT          ","SRC         ",RODHIYATUN,RODHIYATUN,"OWNER       ",BANK RAKYAT INDONESIA (Persero) Tbk.,EDY SUTISNA-39901023127509
JKB,"JK20004539  ",EDI,A,EDI,"GT          ","SRC         ",EDY,SUTISNA,"OWNER       ",BANK RAKYAT INDONESIA (Persero) Tbk.,EDY SUTISNA-39901023127509
JKB,"JK20004639  ",RINA DINA,A,RINA DINA,"GT          ","SRC         ",DINNA AYU,MELYANA,"OWNER       ",BANK RAKYAT INDONESIA (Persero) Tbk.,RENI MUSTIKA-302401016537531
JKB,"JK20004639  ",RINA DINA,A,RINA DINA,"GT          ","SRC         ",RENI,MUSTIKA,"OWNER       ",BANK RAKYAT INDONESIA (Persero) Tbk.,RENI MUSTIKA-302401016537531
JKB,"JK20004660  ",APPLE SHOP,A,APPLE SHOP,"MT          ","NONSIGKA    ",HARRIS SUTANTO,LAY,"OWNER       ",BANK CENTRAL ASIA Tbk.,Harris Sutanto Lay-2883010507
JKB,"JK20004679  ",GINA,A,GINA,"GT          ","SRC         ",CAHYADI,CAHYADI,"OWNER       ",BANK RAKYAT INDONESIA (Persero) Tbk.,AHMAD SYARIPUDIN-324201009357538
JKB,"JK20004679  ",GINA,A,GINA,"GT          ","SRC         ",AHMAD,SYARIPUDIN,"OWNER       ",BANK RAKYAT INDONESIA (Persero) Tbk.,AHMAD SYARIPUDIN-324201009357538
JKB,"JK20004727  ",HARI,A,HARI,"GT          ","SRC         ",KONG,HON TUNG/HARMULIANTO,"OWNER       ",BANK CENTRAL ASIA Tbk.,KONG HON TUNG-5990196992
JKB,"JK20004826  ",HOTIB,A,HOTIB,"GT          ","SRC         ",HOTIB,BIN ALAM,"OWNER       ",BANK CENTRAL ASIA Tbk.,Moh Nur Sauwan-5445091496
JKB,"JK20004826  ",HOTIB,A,HOTIB,"GT          ","SRC         ",Moh Nur,Sauwan,"OWNER       ",BANK CENTRAL ASIA Tbk.,Moh Nur Sauwan-5445091496
JKB,"JK20004854  ",AGAM JAYA II,A,AGAM JAYA II,"GT          ","SRC         ",BASRI,BASRI,"OWNER       ",BANK CENTRAL ASIA Tbk.,DEWI SYARIFA LUBIS-8831174439
JKB,"JK20004854  ",AGAM JAYA II,A,AGAM JAYA II,"GT          ","SRC         ","DEWI ",SYARIFA LUBIS,"OWNER       ",BANK CENTRAL ASIA Tbk.,DEWI SYARIFA LUBIS-8831174439
JKB,"JK20004889  ",DUTA BUAH SWALAYAN,A,DUTA BUAH GREEN GARDEN,"MT          ","NONSIGKA    ",EDY INCAVED,SUTAMI,"OWNER       ",BANK CENTRAL ASIA Tbk.,EDY INCAVED SUTAMI-2531882999
JKB,"JK20005098  ",HASAN,A,HASAN,"GT          ","SRC         ",HASTOMI,GUNAWAN,"OWNER       ",BANK CENTRAL ASIA Tbk.,DEDEH-5390559927
JKB,"JK20005098  ",HASAN,A,HASAN,"GT          ","SRC         ",DEDEH,DEDEH,"OWNER       ",BANK CENTRAL ASIA Tbk.,DEDEH-5390559927
JKB,"JK20005102  ",M.M MELL'S,A,M.M MELL'S,"MT          ","NONSIGKA    ",AGUS,TJENDANA,"OWNER       ",BANK CENTRAL ASIA Tbk.,Agus Tjendana-5280036490
JKB,"JK20005131  ",RIZKA,A,RIZKA,"GT          ","SRC         ",YAYAT,YAYAT,"OWNER       ",BANK PEMBANGUNAN DAERAH DKI JAKARTA,Mia Juliani-30423152585
JKB,"JK20005131  ",RIZKA,A,RIZKA,"GT          ","SRC         ",Mia,Juliani,"OWNER       ",BANK PEMBANGUNAN DAERAH DKI JAKARTA,Mia Juliani-30423152585
JKB,"JK20005161  ",RAMADHAN,A,RAMADHAN,"GT          ","SRC         ",INA,KARYATI,"OWNER       ",BANK CENTRAL ASIA Tbk.,SYAFRIDAH-3991246281
JKB,"JK20005161  ",RAMADHAN,A,RAMADHAN,"GT          ","SRC         ","SYAFRIDAH ","SYAFRIDAH ","OWNER       ",BANK CENTRAL ASIA Tbk.,SYAFRIDAH-3991246281
JKB,"JK20005179  ",AGAM TIARA,A,AGAM TIARA,"GT          ","SRC         ",MIFTAKHUL,SURURI,"OWNER       ",BANK CENTRAL ASIA Tbk.,imam mutaqin-4661239268
JKB,"JK20005179  ",AGAM TIARA,A,AGAM TIARA,"GT          ","SRC         ",imam,mutaqin,"OWNER       ",BANK CENTRAL ASIA Tbk.,imam mutaqin-4661239268
JKB,"JK20005258  ",KIM SUN,A,KIM SUN,"GT          ","SRC         ",GOEY,KIM SUN,"OWNER       ",BANK NATIONALNOBU,WIBOWO-89000297425
JKB,"JK20005258  ",KIM SUN,A,KIM SUN,"GT          ","SRC         ",WIBOWO,,"OWNER       ",BANK NATIONALNOBU,WIBOWO-89000297425
JKB,"JK20005525  ",ESPANA,A,ESPANA,"GT          ","SRC         ",ROSMAWATY,SIREGAR,"OWNER       ",BANK RAKYAT INDONESIA (Persero) Tbk.,ROSMAWATY SIREGAR-332501011486539
JKB,"JK20005554  ",DEWI,A,DEWI,"GT          ","SRC         ",SUNARI,SUNARI,"OWNER       ",BANK RAKYAT INDONESIA (Persero) Tbk.,DJASRI-84001032569535
JKB,"JK20005554  ",DEWI,A,DEWI,"GT          ","SRC         ",DJASRI,DJASRI,"OWNER       ",BANK RAKYAT INDONESIA (Persero) Tbk.,DJASRI-84001032569535
JKB,"JK20005624  ",SUCI,A,SUCI,"GT          ","SRC         ",ABDUL,GOFUR,"OWNER       ",BANK RAKYAT INDONESIA (Persero) Tbk.,reni sinaga-332701006696537
JKB,"JK20005624  ",SUCI,A,SUCI,"GT          ","SRC         ",reni,sinaga,"OWNER       ",BANK RAKYAT INDONESIA (Persero) Tbk.,reni sinaga-332701006696537
JKB,"JK20005633  ",BUYUNG-AGUS,A,BUYUNG-AGUS,"GT          ","SRC         ",AGUS,AGUS,"OWNER       ",BANK NEGARA INDONESIA 1946 (Persero) Tbk.,AGUS-164323526
JKB,"JK20005669  ",PARDOMOAN,A,PARDOMOAN,"GT          ","SRC         ",PAHRUDDIN,PAHRUDDIN,"OWNER       ",BANK RAKYAT INDONESIA (Persero) Tbk.,PAHRUDDIN-762601004383534
JKB,"JK20005749  ",MARS 2001,A,MARS 2001,"GT          ","SRC         ",MARYATI,MARYATI,"OWNER       ",BANK CENTRAL ASIA Tbk.,MARYATI-7015396211
JKB,"JK20005942  ",YOGA,A,YOGA,"GT          ","SRC         ",MUHIYAH,MUHIYAH,"OWNER       ",BANK CENTRAL ASIA Tbk.,YOGA PRASATIA RAJAP-3990188997
JKB,"JK20005942  ",YOGA,A,YOGA,"GT          ","SRC         ","YOGA ",PRASATIA RAJAP,"OWNER       ",BANK CENTRAL ASIA Tbk.,YOGA PRASATIA RAJAP-3990188997
JKB,"JK20006060  ",CV DAILY BERKAT ANUGERAH,A,CV DAILY BERKAT ANUGERAH,"MT          ","NONSIGKA    ",HOLMANS,ALFANDY,"OWNER       ",BANK CENTRAL ASIA Tbk.,DAILY BERKAT ANUGERAH CV-0762288328
JKB,"JK20006060  ",CV DAILY BERKAT ANUGERAH,A,CV DAILY BERKAT ANUGERAH,"MT          ","NONSIGKA    ",ALLAN,CHRISTIE,"OWNER       ",BANK CENTRAL ASIA Tbk.,DAILY BERKAT ANUGERAH CV-0762288328
JKB,"JK20006247  ",PUTRA BENGAWAN,A,PUTRA BENGAWAN,"GT          ","SRC         ",GUNAWAN,GUNAWAN,"OWNER       ",BANK RAKYAT INDONESIA (Persero) Tbk.,GUNAWAN-695301000136507
JKB,"JK20006379  ",FAUZI,A,FAUZI,"GT          ","SRC         ",A,FAUJI,"OWNER       ",BANK CENTRAL ASIA Tbk.,INDAH PURNAMA SARI-5445113953
JKB,"JK20006379  ",FAUZI,A,FAUZI,"GT          ","SRC         ","INDAH ",PURNAMA SARI,"OWNER       ",BANK CENTRAL ASIA Tbk.,INDAH PURNAMA SARI-5445113953
JKB,"JK20006392  ",JARENDO,A,JARENDO,"GT          ","SRC         ",PAUTAN,HARAHAP,"OWNER       ",BANK NEGARA INDONESIA 1946 (Persero) Tbk.,PAUTAN HARAHAP-566982753
JKB,"JK20006413  ",SUGIYONO,A,SUGIYONO,"GT          ","SRC         ",AHMAD,KHOTIB,"OWNER       ",BANK RAKYAT INDONESIA (Persero) Tbk.,SUGIONO-322501016535539
JKB,"JK20006413  ",SUGIYONO,A,SUGIYONO,"GT          ","SRC         ",SUGIONO,SUGIONO,"OWNER       ",BANK RAKYAT INDONESIA (Persero) Tbk.,SUGIONO-322501016535539
JKB,"JK20006482  ",MURSIAH,A,MURSIAH,"GT          ","SRC         ",MURSIAH,MURSIAH,"OWNER       ",BANK RAKYAT INDONESIA (Persero) Tbk.,MURSIAH-95901003630536
JKB,"JK20006485  ",MUNAMAH,A,MUNAMAH,"GT          ","SRC         ",MUNAMAH,MUNAMAH,"OWNER       ",BANK RAKYAT INDONESIA (Persero) Tbk.,MUNAMAH-95901023188535
JKB,"JK20006488  ",TUTY HARYATI,A,TUTY HARYATI,"GT          ","SRC         ",AGUNG,DWI HARTANTO,"OWNER       ",BANK NEGARA INDONESIA 1946 (Persero) Tbk.,TUTY HARYATI-912622738
JKB,"JK20006488  ",TUTY HARYATI,A,TUTY HARYATI,"GT          ","SRC         ",TUTY,HARYATI,"OWNER       ",BANK NEGARA INDONESIA 1946 (Persero) Tbk.,TUTY HARYATI-912622738
JKB,"JK20006667  ",DEDI HERLIANSYAH,A,DEDI HERLIANSYAH,"GT          ","SRC         ",BARLIYAH,BARLIYAH,"OWNER       ",BANK RAKYAT INDONESIA (Persero) Tbk.,DEDI HERLIANSYAH-95901022097537
JKB,"JK20006667  ",DEDI HERLIANSYAH,A,DEDI HERLIANSYAH,"GT          ","SRC         ",DEDI,HERLIANSYAH,"OWNER       ",BANK RAKYAT INDONESIA (Persero) Tbk.,DEDI HERLIANSYAH-95901022097537
JKB,"JK20006677  ",RANI,A,RANI,"GT          ","SRC         ",RANI,RANI,"OWNER       ",BANK CENTRAL ASIA Tbk.,ROSITA DEWI PURWANTI-1270120900
JKB,"JK20006677  ",RANI,A,RANI,"GT          ","SRC         ","ROSITA DEWI ",PURWANTI,"OWNER       ",BANK CENTRAL ASIA Tbk.,ROSITA DEWI PURWANTI-1270120900
JKB,"JK20006873  ",USAHA BARU,A,USAHA BARU,"GT          ","SRC         ",TJANG SOEI,SEN/YONO,"OWNER       ",BANK CENTRAL ASIA Tbk.,TJANG SOEI SEN/YONO-2771226037
JKB,"JK20006891  ",TOKO 99,A,TOKO 99,"GT          ","SRC         ",DJUNAIDI,RUSDI,"OWNER       ",BANK CENTRAL ASIA Tbk.,DJUNAIDI RUSLI-7015112280
JKB,"JK20006892  ",SUMBER REJEKI,A,SUMBER REJEKI,"GT          ","SRC         ",AJIB,AJIB,"OWNER       ",BANK RAKYAT INDONESIA (Persero) Tbk.,SAMSUL ARIFIN-654801009936535
JKB,"JK20006892  ",SUMBER REJEKI,A,SUMBER REJEKI,"GT          ","SRC         ",SAMSUL,ARIFIN,"OWNER       ",BANK RAKYAT INDONESIA (Persero) Tbk.,SAMSUL ARIFIN-654801009936535
JKB,"JK20007018  ",TATA,A,TATA,"GT          ","SRC         ",OPIK,TAUFIK,"OWNER       ",BANK RAKYAT INDONESIA (Persero) Tbk.,TATA-95901025794536
JKB,"JK20007018  ",TATA,A,TATA,"GT          ","SRC         ",TATA,,"OWNER       ",BANK RAKYAT INDONESIA (Persero) Tbk.,TATA-95901025794536
JKB,"JK20007181  ",NADIA,A,NADIA,"GT          ","SRC         ",NAHDIA,NAHDIA,"OWNER       ",BANK PEMBANGUNAN DAERAH DKI JAKARTA,NAHDIA-31023065873
JKB,"JK20007356  ",SINAR SELATAN,A,SINAR SELATAN,"GT          ","SRC         ",UDJU,DJUARNA,"OWNER       ",BANK MANDIRI (Persero) Tbk.,Muba harahap-1180007390080
JKB,"JK20007356  ",SINAR SELATAN,A,SINAR SELATAN,"GT          ","SRC         ",Muba,harahap,"OWNER       ",BANK MANDIRI (Persero) Tbk.,Muba harahap-1180007390080
JKB,"JK20007365  ",TRISNO,A,TRISNO,"GT          ","SRC         ",ABDUL,RIZAL,"OWNER       ",BANK RAKYAT INDONESIA (Persero) Tbk.,SENIK MUDIYATI-95901018757535
JKB,"JK20007365  ",TRISNO,A,TRISNO,"GT          ","SRC         ",SENIK MUDIYATI,,"OWNER       ",BANK RAKYAT INDONESIA (Persero) Tbk.,SENIK MUDIYATI-95901018757535
JKB,"JK20007366  ",SUDIR,A,SUDIR,"GT          ","SRC         ",RISDA,BASKARA,"OWNER       ",BANK RAKYAT INDONESIA (Persero) Tbk.,IIS-437901010044536
JKB,"JK20007366  ",SUDIR,A,SUDIR,"GT          ","SRC         ",IIS,IIS,"OWNER       ",BANK RAKYAT INDONESIA (Persero) Tbk.,IIS-437901010044536
JKB,"JK20007427  ",UMAR,A,UMAR,"GT          ","SRC         ",UMAR,DANI,"OWNER       ",BANK CENTRAL ASIA Tbk.,UMAR DANI-3720087544
JKB,"JK20007521  ",ELIZABETH,A,ELIZABETH,"GT          ","SRC         ",EMMY,TOGATOROP,"OWNER       ",BANK NEGARA INDONESIA 1946 (Persero) Tbk.,IBU EMMY TOGATOROP-436607419
JKB,"JK20007537  ",PRIANGAN,A,PRIANGAN,"GT          ","SRC         ",MARMINAH,BINTI SUPARJO,"OWNER       ",BANK CENTRAL ASIA Tbk.,MARMINAH BINTI SUPARJO-5310362648
JKB,"JK20007538  ",MISTAM,A,MISTAM,"GT          ","SRC         ",MISTAM,MISTAM,"OWNER       ",BANK PEMBANGUNAN DAERAH DKI JAKARTA,NURLAELA-30323276634
JKB,"JK20007538  ",MISTAM,A,MISTAM,"GT          ","SRC         ",NURLAELA,NURLAELA,"OWNER       ",BANK PEMBANGUNAN DAERAH DKI JAKARTA,NURLAELA-30323276634
JKB,"JK20007593  ",WR. HIDAYAH,A,WR. HIDAYAH,"GT          ","SRC         ",SITI,KHASANAH,"OWNER       ",BANK CENTRAL ASIA Tbk.,Muhamad toif-2870063591
JKB,"JK20007593  ",WR. HIDAYAH,A,WR. HIDAYAH,"GT          ","SRC         ",MUHAMAD,TOIF,THIRDPAYMENT,BANK CENTRAL ASIA Tbk.,Muhamad toif-2870063591
JKB,"JK20007631  ",NATAN,A,NATAN,"GT          ","SRC         ",LIM,LAN SIN,"OWNER       ",BANK NEGARA INDONESIA 1946 (Persero) Tbk.,LIM LAN SIN-0972088876
JKB,"JK20007637  ",DEDY,A,DEDY,"GT          ","SRC         ",DEDY,PURWANTO,"OWNER       ",BANK CENTRAL ASIA Tbk.,DEDY PURWANTO-2533112978
JKB,"JK20007772  ",SIMANJUNTAK,A,SIMANJUNTAK,"GT          ","SRC         ",RISKI,NUGRAHA,"OWNER       ",BANK CENTRAL ASIA Tbk.,Rapdiana-7015345144
JKB,"JK20007772  ",SIMANJUNTAK,A,SIMANJUNTAK,"GT          ","SRC         ",Rapdiana,Rapdiana,"OWNER       ",BANK CENTRAL ASIA Tbk.,Rapdiana-7015345144
JKB,"JK20007774  ",ARNIS,A,ARNIS,"GT          ","SRC         ",MARTINIS,MARTINIS,"OWNER       ",BANK RAKYAT INDONESIA (Persero) Tbk.,khomsatun-324201019535532
JKB,"JK20007774  ",ARNIS,A,ARNIS,"GT          ","SRC         ",khomsatun,khomsatun,"OWNER       ",BANK RAKYAT INDONESIA (Persero) Tbk.,khomsatun-324201019535532
JKB,"JK20007835  ",MULYADI,A,MULYADI,"GT          ","SRC         ",MULYADI,MULYADI,"OWNER       ",BANK CENTRAL ASIA Tbk.,RABIA ADAWIA-5215158206
JKB,"JK20007835  ",MULYADI,A,MULYADI,"GT          ","SRC         ",RABIA,ADAWIA,"OWNER       ",BANK CENTRAL ASIA Tbk.,RABIA ADAWIA-5215158206
JKB,"JK20007876  ",NISA,A,NISA,"GT          ","SRC         ",ASMINI,ASMINI,"OWNER       ",BANK RAKYAT INDONESIA (Persero) Tbk.,ASMINI-95401008813537
JKB,"JK20007913  ",ROSMAIDA,A,ROSMAIDA,"GT          ","SRC         ",ROSMAIDA,HUTABARAT,"OWNER       ",BANK RAKYAT INDONESIA (Persero) Tbk.,ROSMAIDA HUTABARAT-331801006325535
JKB,"JK20007965  ",NOVI,A,NOVI,"GT          ","SRC         ",SUNARTO,SUNARTO,"OWNER       ",BANK RAKYAT INDONESIA (Persero) Tbk.,Sunarto-96301011261532
JKB,"JK20007968  ",NEO,A,NEO,"GT          ","SRC         ",IDA,MARIANA,"OWNER       ",BANK CENTRAL ASIA Tbk.,NG TJENG KIJAH-5300096600
JKB,"JK20007968  ",NEO,A,NEO,"GT          ","SRC         ",NG TJENG,KIJAH,"OWNER       ",BANK CENTRAL ASIA Tbk.,NG TJENG KIJAH-5300096600
JKB,"JK20007974  ",EKA,A,EKA,"GT          ","SRC         ",BAROKAH,BAROKAH,"OWNER       ",BANK CENTRAL ASIA Tbk.,BAROKAH-7580111569
JKB,"JK20008042  ",KHARISMA,A,KHARISMA,"GT          ","SRC         ",MAINIROH,MAINIROH,"OWNER       ",BANK RAKYAT INDONESIA (Persero) Tbk.,MAINIROH-324301013825535
JKB,"JK20008042  ",KHARISMA,A,KHARISMA,"GT          ","SRC         ",KHARISMA,KHARISMA,"OWNER       ",BANK RAKYAT INDONESIA (Persero) Tbk.,MAINIROH-324301013825535
JKB,"JK20008127  ",LIA,A,LIA,"GT          ","SRC         ",ACEP,SUPRIADI,"OWNER       ",BANK RAKYAT INDONESIA (Persero) Tbk.,SITI AMILIA-96301036637530
JKB,"JK20008127  ",LIA,A,LIA,"GT          ","SRC         ",SITI,AMILIA,"OWNER       ",BANK RAKYAT INDONESIA (Persero) Tbk.,SITI AMILIA-96301036637530
JKB,"JK20008132  ",KHUSNUL,A,KHUSNUL,"GT          ","SRC         ",RAHYONO,RAHYONO,"OWNER       ",BANK CENTRAL ASIA Tbk.,RAHYONO-731156041
JKB,"JK20008146  ",KADIM,A,KADIM,"GT          ","SRC         ",KADIM,KADIM,"OWNER       ",BANK CENTRAL ASIA Tbk.,KADIM-5310678173
JKB,"JK20008178  ",ARI,A,ARI,"GT          ","SRC         ",A.SARIPUDDIN,A.SARIPUDDIN,"OWNER       ",BANK RAKYAT INDONESIA (Persero) Tbk.,A. SARIPUDDIN-332501014076537
JKB,"JK20008215  ",WIRNA,A,WIRNA,"GT          ","SRC         ",ENIS,ENIS,"OWNER       ",BANK RAKYAT INDONESIA (Persero) Tbk.,ENIS-322501014942536
JKB,"JK20008227  ",FAQIH,A,FAQIH,"GT          ","SRC         ",NURAINI,NURAINI,"OWNER       ",BANK PEMBANGUNAN DAERAH DKI JAKARTA,NURAINI-31520021167
JKB,"JK20008228  ",IKAF,A,IKAF,"GT          ","SRC         ",MARGINI.S,MARGINI.S,"OWNER       ",BANK CENTRAL ASIA Tbk.,IKAF MAULANA YUSUF-6470416996
JKB,"JK20008228  ",IKAF,A,IKAF,"GT          ","SRC         ",IKAF,MAULANA YUSUF,"OWNER       ",BANK CENTRAL ASIA Tbk.,IKAF MAULANA YUSUF-6470416996
JKB,"JK20008229  ",ALFIANTE,A,ALFIANTE,"GT          ","SRC         ",SUKARMAN,SUKARMAN,"OWNER       ",BANK RAKYAT INDONESIA (Persero) Tbk.,ISMIYATI-654301019078539
JKB,"JK20008229  ",ALFIANTE,A,ALFIANTE,"GT          ","SRC         ",ISMIYATI,ISMIYATI,"OWNER       ",BANK RAKYAT INDONESIA (Persero) Tbk.,ISMIYATI-654301019078539
JKB,"JK20008385  ",MIE JIN,A,MIE JIN,"GT          ","SRC         ",TJUNG,MIE JIN,"OWNER       ",BANK CENTRAL ASIA Tbk.,TJUNG MIE JIN-841602241
JKB,"JKB0000011  ",REHAN,A,REHAN,"GT          ","SRC         ",BUDI,ARIANTO,"OWNER       ",BANK CENTRAL ASIA Tbk.,DELIYANAH-5310514618
JKB,"JKB0000011  ",REHAN,A,REHAN,"GT          ","SRC         ",DELIYANAH,DELIYANAH,"OWNER       ",BANK CENTRAL ASIA Tbk.,DELIYANAH-5310514618
JKB,"JKB0000055  ",YOGA,A,YOGA,"GT          ","SRC         ",SUPRAYOGO,SUPRAYOGO,"OWNER       ",BANK CENTRAL ASIA Tbk.,ADE NARDI-4010414101
JKB,"JKB0000055  ",YOGA,A,YOGA,"GT          ","SRC         ",ADE,NARDI,THIRDPAYMENT,BANK CENTRAL ASIA Tbk.,ADE NARDI-4010414101
JKB,"JKB0000134  ",YATI,A,YATI,"GT          ","SRC         ",SUYATI,SUYATI,"OWNER       ",BANK CENTRAL ASIA Tbk.,M RUSLI-3131494864
JKB,"JKB0000134  ",YATI,A,YATI,"GT          ","SRC         ",M RUSLI,M RUSLI,"OWNER       ",BANK CENTRAL ASIA Tbk.,M RUSLI-3131494864
JKB,"JKB0000181  ",ZAENURI/PAK KUMIS,A,ZAENURI/PAK KUMIS,"GT          ","SRC         ",ZAINURI,ZAINURI,"OWNER       ",BANK CENTRAL ASIA Tbk.,CHORIANA-6470417356
JKB,"JKB0000181  ",ZAENURI/PAK KUMIS,A,ZAENURI/PAK KUMIS,"GT          ","SRC         ",CHORIANA,CHORIANA,"OWNER       ",BANK CENTRAL ASIA Tbk.,CHORIANA-6470417356
JKB,"JKB0000189  ",MIMI,A,MIMI,"GT          ","SRC         ",SULASTRI,SULASTRI,"OWNER       ",BANK RAKYAT INDONESIA (Persero) Tbk.,TETTY SEPTIAWATI-324201005983507
JKB,"JKB0000189  ",MIMI,A,MIMI,"GT          ","SRC         ",TETTY SEPTIAWATI,TETTY SEPTIAWATI,"OWNER       ",BANK RAKYAT INDONESIA (Persero) Tbk.,TETTY SEPTIAWATI-324201005983507
JKB,"JKB0000228  ",TIARA,A,TIARA,"GT          ","SRC         ",HAMNAH,HAMNAH,"OWNER       ",BANK RAKYAT INDONESIA (Persero) Tbk.,HAMNAH-332601006264530
JKB,"JKB0000258  ",SANTI,A,SANTI,"GT          ","SRC         ",ABD. SU''UD,ABD. SU''UD,"OWNER       ",BANK RAKYAT INDONESIA (Persero) Tbk.,IDAYATI-9501023161537
JKB,"JKB0000258  ",SANTI,A,SANTI,"GT          ","SRC         ",IDAYATI,IDAYATI,"OWNER       ",BANK RAKYAT INDONESIA (Persero) Tbk.,IDAYATI-9501023161537
JKB,"JKB0000441  ",DENI,A,DENI,"GT          ","SRC         ",ERMAYANTI,ERMAYANTI,"OWNER       ",BANK RAKYAT INDONESIA (Persero) Tbk.,ERMAYANTI-99601008782532
JKB,"JKB0000455  ",WIDYA,A,WIDYA,"GT          ","SRC         ",ROSIDI,SOFIANTO,"OWNER       ",BANK MANDIRI (Persero) Tbk.,WARTINI-1180005734156
JKB,"JKB0000455  ",WIDYA,A,WIDYA,"GT          ","SRC         ",WARTINI,WARTINI,"OWNER       ",BANK MANDIRI (Persero) Tbk.,WARTINI-1180005734156
JKB,"JKB0000489  ",RUSNADI,A,RUSNADI,"GT          ","SRC         ",RUSNADI,RUSNADI,"OWNER       ",BANK CENTRAL ASIA Tbk.,ETIK SUMARYATI-5310674712
JKB,"JKB0000489  ",RUSNADI,A,RUSNADI,"GT          ","SRC         ",ETIK,SUMARYATI,"OWNER       ",BANK CENTRAL ASIA Tbk.,ETIK SUMARYATI-5310674712
JKB,"JKB0000527  ",RONI,A,RONI,"GT          ","SRC         ",SAIPUL,IMRON,"OWNER       ",BANK RAKYAT INDONESIA (Persero) Tbk.,PUPUT PUSPITASARI-96301033898535
JKB,"JKB0000527  ",RONI,A,RONI,"GT          ","SRC         ",PUPUT,PUSPITASARI,"OWNER       ",BANK RAKYAT INDONESIA (Persero) Tbk.,PUPUT PUSPITASARI-96301033898535
JKB,"JKB0000663  ",HERI 3,A,HERI 3,"GT          ","SRC         ",SUHAIYYID,SUHAIYYID,"OWNER       ",BANK CENTRAL ASIA Tbk.,SUHAYYID-5310654746
JKB,"JKB0000731  ",GENTUR,A,GENTUR,"GT          ","SRC         ",MOHAMMAD,ROMLI,"OWNER       ",BANK CENTRAL ASIA Tbk.,NUR AINI-8660250795
JKB,"JKB0000731  ",GENTUR,A,GENTUR,"GT          ","SRC         ",NUR AINI,NUR AINI,"OWNER       ",BANK CENTRAL ASIA Tbk.,NUR AINI-8660250795
JKB,"JKB0001041  ",TK AMIR,A,TK AMIR,"GT          ","SRC         ",AMIR HASAN,DAPARI,"OWNER       ",BANK RAKYAT INDONESIA (Persero) Tbk.,AMIR HASAN DAPARI-37701018053509
JKB,"JKB0001074  ",MIMI,A,MIMI,"GT          ","SRC         ",MERRY,LANAWARTI,"OWNER       ",BANK PAN INDONESIA Tbk.,Merry Lanawarti-1052015377
JKB,"JKB0001077  ",SABIN TEDY,A,SABIN TEDY,"GT          ","SRC         ",SABIN,TEDY,"OWNER       ",BANK CENTRAL ASIA Tbk.,SABIN TEDY-5830019831
JKB,"JKB0001151  ",CUCU,A,CUCU,"GT          ","SRC         ",SEPLANA,JAELANI,"OWNER       ",BANK NEGARA INDONESIA 1946 (Persero) Tbk.,Seplana-97371744
JKB,"JKB0001177  ",ANTONI,A,ANTONI,"GT          ","SRC         ",LIANI,LIANI,"OWNER       ",BANK RAKYAT INDONESIA (Persero) Tbk.,Liani-96301030825533
JKB,"JKB0001567  ",NUZA,A,NUZA,"GT          ","SRC         ",INDRAWAN,INDRAWAN,"OWNER       ",BANK MANDIRI (Persero) Tbk.,INDRAWAN-1550006448503
JKB,"JKB0001567  ",NUZA,A,NUZA,"GT          ","SRC         ",ROHAYA,ROHAYA,"OWNER       ",BANK MANDIRI (Persero) Tbk.,INDRAWAN-1550006448503
JKB,"JKB0001682  ",NURAENI,A,NURAENI,"GT          ","SRC         ",NURAENI,NURAENI,"OWNER       ",BANK CENTRAL ASIA Tbk.,AYU RIZKI WULANDARI-6042463139
JKB,"JKB0001682  ",NURAENI,A,NURAENI,"GT          ","SRC         ",AYU RIZKI WULANDARI,AYU RIZKI WULANDARI,THIRDPAYMENT,BANK CENTRAL ASIA Tbk.,AYU RIZKI WULANDARI-6042463139
JKB,"JKB0002054  ",SETIA,A,SETIA,"GT          ","SRC         ",RISNO,RISNO,"OWNER       ",BANK RAKYAT INDONESIA (Persero) Tbk.,MOH ZAINI-94301038505539
JKB,"JKB0002054  ",SETIA,A,SETIA,"GT          ","SRC         ",MOH,ZAINI,"OWNER       ",BANK RAKYAT INDONESIA (Persero) Tbk.,MOH ZAINI-94301038505539
JKB,"JKB0002127  ",NANANG,A,NANANG,"GT          ","SRC         ",NANANG,RIYADI,"OWNER       ",BANK RAKYAT INDONESIA (Persero) Tbk.,NANANG RIYADI-714401007177532
JKB,"JKB0002221  ",MUSTIKA,A,MUSTIKA,"GT          ","SRC         ",SITI,NURAYAH,"OWNER       ",BANK RAKYAT INDONESIA (Persero) Tbk.,SITI NURAYAH-322501024759533
JKB,"JKB0002224  ",RIWA,A,RIWA,"GT          ","SRC         ",SYAIFUL,MAULANA,"OWNER       ",BANK MANDIRI (Persero) Tbk.,Syaiful maulana-1170005710009
JKB,"JKB0002243  ",CINDY,A,CINDY,"GT          ","SRC         ",KOMARIAH,KOMARIAH,"OWNER       ",BANK DBS INDONESIA,SINDI AIDAH PERMATASARI-1700145596
JKB,"JKB0002243  ",CINDY,A,CINDY,"GT          ","SRC         ",ANDY MULYA,ANDY MULYA,"OWNER       ",BANK DBS INDONESIA,SINDI AIDAH PERMATASARI-1700145596
JKB,"JKB0002243  ",CINDY,A,CINDY,"GT          ","SRC         ",SINDI AIDAH,PERMATASARI,"OWNER       ",BANK DBS INDONESIA,SINDI AIDAH PERMATASARI-1700145596
JKB,"JKB0002337  ",DJAIMAN,A,DJAIMAN,"GT          ","SRC         ",DJAIMAN,DJAIMAN,"OWNER       ",BANK CENTRAL ASIA Tbk.,DJAIMAN-3131275348
JKB,"JKB0002498  ",ASTI,A,ASTI,"GT          ","SRC         ",AGUS,SALIM,"OWNER       ",BANK MANDIRI (Persero) Tbk.,AGUS SALIM-1170007331291
JKB,"JKB0002501  ",TOKO SALWA,A,TOKO SALWA,"GT          ","SRC         ",RIO,SASMITA GUNAWAN,"OWNER       ",BANK MANDIRI (Persero) Tbk.,YUSUF SETIAWAN-700005167817
JKB,"JKB0002501  ",TOKO SALWA,A,TOKO SALWA,"GT          ","SRC         ",YUSUF,SETIAWAN,"OWNER       ",BANK MANDIRI (Persero) Tbk.,YUSUF SETIAWAN-700005167817
JKB,"JKB0002560  ",OEYENG,A,OEYENG,"GT          ","SRC         ",OEYENG,JAN,"OWNER       ",BANK CENTRAL ASIA Tbk.,OEY ENG JAN-1790090027
JKB,"JKB0002568  ",KEKAL ABADI,A,KEKAL ABADI,"GT          ","SRC         ",YAYAN,RUKMANA,"OWNER       ",BANK RAKYAT INDONESIA (Persero) Tbk.,SAANI-654801014997534
JKB,"JKB0002568  ",KEKAL ABADI,A,KEKAL ABADI,"GT          ","SRC         ",SAANI,SAANI,"OWNER       ",BANK RAKYAT INDONESIA (Persero) Tbk.,SAANI-654801014997534
JKB,"JKB0002673  ",SAROJA,A,SAROJA,"GT          ","SRC         ",SAROJA,SAROJA,"OWNER       ",BANK CENTRAL ASIA Tbk.,YULI ZULHAFNI-4890053390
JKB,"JKB0002673  ",SAROJA,A,SAROJA,"GT          ","SRC         ",YULI,ZULHAFNI,"OWNER       ",BANK CENTRAL ASIA Tbk.,YULI ZULHAFNI-4890053390
JKB,"JKB0002766  ",2 SAUDARA,A,2 SAUDARA,"GT          ","SRC         ",SAIFUL,ANWAR,"OWNER       ",BANK RAKYAT INDONESIA (Persero) Tbk.,RUBIATUN-464201019538539
JKB,"JKB0002766  ",2 SAUDARA,A,2 SAUDARA,"GT          ","SRC         ",RUBIATUN,RUBIATUN,"OWNER       ",BANK RAKYAT INDONESIA (Persero) Tbk.,RUBIATUN-464201019538539
JKB,"JKB0002784  ",ADIEN,A,ADIEN,"GT          ","SRC         ",ADIN,KARSA,"OWNER       ",BANK PEMBANGUNAN DAERAH DKI JAKARTA,ADIN KARSA-11020023905
JKB,"JKB0002933  ",CHANEL CELULER,A,CHANEL CELULER,"GT          ","SRC         ",ENJANG,SUTARDI,"OWNER       ",BANK MANDIRI (Persero) Tbk.,ARIF NUGRAHA-1680001406493
JKB,"JKB0002933  ",CHANEL CELULER,A,CHANEL CELULER,"GT          ","SRC         ",ARIF,NUGRAHA,"OWNER       ",BANK MANDIRI (Persero) Tbk.,ARIF NUGRAHA-1680001406493
JKB,"JKB0003081  ",BU DIMAS,A,BU DIMAS,"GT          ","SRC         ",WAECI,WAECI,"OWNER       ",BANK CENTRAL ASIA Tbk.,AYU SETYANING UTAMI-2170216469
JKB,"JKB0003081  ",BU DIMAS,A,BU DIMAS,"GT          ","SRC         ",AYU SETYANING,UTAMI,"OWNER       ",BANK CENTRAL ASIA Tbk.,AYU SETYANING UTAMI-2170216469
JKB,"JKB0003114  ",AGUS IDA,A,AGUS IDA,"GT          ","SRC         ",FAIDAH,FAIDAH,"OWNER       ",BANK RAKYAT INDONESIA (Persero) Tbk.,YUSDANIAR-11101000648566
JKB,"JKB0003114  ",AGUS IDA,A,AGUS IDA,"GT          ","SRC         ",YUSDANIAR,YUSDANIAR,THIRDPAYMENT,BANK RAKYAT INDONESIA (Persero) Tbk.,YUSDANIAR-11101000648566
JKB,"JKB0003118  ",SRIYATUN,A,SRIYATUN,"GT          ","SRC         ",SRIYATUN,SRIYATUN,"OWNER       ",BANK RAKYAT INDONESIA (Persero) Tbk.,SRIYATUN-588801010296537
JKB,"JKB0003140  ",DIANA,A,DIANA,"GT          ","SRC         ",IDUP,IDUP,"OWNER       ",BANK RAKYAT INDONESIA (Persero) Tbk.,IDUP-762601001082537
JKB,"JKB0003178  ",EKI,A,EKI,"GT          ","SRC         ",FAQIH,HARIBOWO,"OWNER       ",BANK RAKYAT INDONESIA (Persero) Tbk.,FAQIH HARIBOWO-322501012195531
JKB,"JKB0003191  ",TIKA,A,TIKA,"GT          ","SRC         ",SARTIKA,SARTIKA,"OWNER       ",BANK TABUNGAN NEGARA (Persero),RUSTIYANTO-29701500065785
JKB,"JKB0003191  ",TIKA,A,TIKA,"GT          ","SRC         ",RUSTIYANTO,RUSTIYANTO,"OWNER       ",BANK TABUNGAN NEGARA (Persero),RUSTIYANTO-29701500065785
JKB,"JKB0003193  ",SELERA,A,SELERA,"GT          ","SRC         ",ACIH,ACIH,"OWNER       ",BANK MANDIRI (Persero) Tbk.,FITRI YANTI-1180000200930
JKB,"JKB0003193  ",SELERA,A,SELERA,"GT          ","SRC         ",FITRI,YANTI,"OWNER       ",BANK MANDIRI (Persero) Tbk.,FITRI YANTI-1180000200930
JKB,"JKB0003195  ",DAENG SITURU,A,DAENG SITURU,"GT          ","SRC         ",DAENG,SITURU,"OWNER       ",BANK RAKYAT INDONESIA (Persero) Tbk.,HASNIATI-324401000412509
JKB,"JKB0003195  ",DAENG SITURU,A,DAENG SITURU,"GT          ","SRC         ",HASNIATI,HASNIATI,"OWNER       ",BANK RAKYAT INDONESIA (Persero) Tbk.,HASNIATI-324401000412509
JKB,"JKB0003204  ",ROMLAH,A,ROMLAH,"GT          ","SRC         ",ROMLAH,ROMLAH,"OWNER       ",BANK MANDIRI (Persero) Tbk.,ROMLAH-1180010495348
JKB,"JKB0003206  ",LIA,A,LIA,"GT          ","SRC         ",LIA,NUR ASARI,"OWNER       ",BANK CENTRAL ASIA Tbk.,HERI SUSANTO-7630373501
JKB,"JKB0003206  ",LIA,A,LIA,"GT          ","SRC         ",HERI,SUSANTO,"OWNER       ",BANK CENTRAL ASIA Tbk.,HERI SUSANTO-7630373501
JKB,"JKB0003243  ",MANDIRI JAYA,A,MANDIRI JAYA,"GT          ","SRC         ",ISWANDI,ISWANDI,"OWNER       ",BANK NEGARA INDONESIA 1946 (Persero) Tbk.,ISWANDI-1117770798
JKB,"JKB0003527  ",SALWA,A,SALWA,"GT          ","SRC         ",MARDANI,MISAR,"OWNER       ",BANK CENTRAL ASIA Tbk.,MARDANI MISAR-5243899086
JKB,"JKB0003748  ",FAUZI,A,FAUZI,"GT          ","SRC         ",SAMSUWIR,SAMSUWIR,"OWNER       ",BANK RAKYAT INDONESIA (Persero) Tbk.,KARIMUDDIN-331501013945536
JKB,"JKB0003748  ",FAUZI,A,FAUZI,"GT          ","SRC         ",KARIMUDDIN,KARIMUDDIN,"OWNER       ",BANK RAKYAT INDONESIA (Persero) Tbk.,KARIMUDDIN-331501013945536
JKB,"JKB0003761  ",ADE,A,ADE,"GT          ","SRC         ",OPAR ZAPAR,TOYARI,"OWNER       ",BANK CENTRAL ASIA Tbk.,MUSTHAFA KHALIL-3992255711
JKB,"JKB0003761  ",ADE,A,ADE,"GT          ","SRC         ",MUSTHAFA KHALIL,,"OWNER       ",BANK CENTRAL ASIA Tbk.,MUSTHAFA KHALIL-3992255711
JKB,"JKB0003762  ",ANI,A,ANI,"GT          ","SRC         ",ANIK,HARTINI,"OWNER       ",BANK RAKYAT INDONESIA (Persero) Tbk.,ANIK HARTINI-095901022469530
JKB,"JKB0003788  ",RACHMAT,A,RACHMAT,"GT          ","SRC         ",RACHMAT.H,RACHMAT.H,"OWNER       ",BANK CENTRAL ASIA Tbk.,NURUL FIKRI SAPUTRA-3040412823
JKB,"JKB0003788  ",RACHMAT,A,RACHMAT,"GT          ","SRC         ","NURUL FIKRI ",SAPUTRA,"OWNER       ",BANK CENTRAL ASIA Tbk.,NURUL FIKRI SAPUTRA-3040412823
JKB,"JKB0003801  ",ASIKIN,A,ASIKIN,"GT          ","SRC         ",SITI,NASUROH,"OWNER       ",BANK RAKYAT INDONESIA (Persero) Tbk.,SITI NASUROH-332101011320533
JKB,"JKB0004117  ",NINGSIH,A,NINGSIH,"GT          ","SRC         ",NGATININGSIH,NGATININGSIH,"OWNER       ",BANK RAKYAT INDONESIA (Persero) Tbk.,NGATININGSIH-331201010849535
JKB,"JKB0004241  ",YANTO,A,YANTO,"GT          ","SRC         ",LOA YANTO,LOA YANTO,"OWNER       ",BANK RAKYAT INDONESIA (Persero) Tbk.,Loa yanto-117101000421561
JKB,"JKB0004252  ",MARIA,A,MARIA,"GT          ","SRC         ",DELIMA HUTABARAT,DELIMA HUTABARAT,"OWNER       ",BANK MANDIRI (Persero) Tbk.,julius parsaoran-9000025058190
JKB,"JKB0004252  ",MARIA,A,MARIA,"GT          ","SRC         ",julius,parsaoran,"OWNER       ",BANK MANDIRI (Persero) Tbk.,julius parsaoran-9000025058190
JKB,"JKB0004351  ",WAWAN 2 (DKT MUKHLIS),A,WAWAN 2 (DKT MUKHLIS),"GT          ","SRC         ",MUHAMMAD,PURWOKO,"OWNER       ",BANK RAKYAT INDONESIA (Persero) Tbk.,MOHAMMAD PURWOKO-596801017455532
JKB,"JKB0004431  ",TINI,A,TINI,"GT          ","SRC         ",TINI,TINI,"OWNER       ",BANK CENTRAL ASIA Tbk.,HEFNI-5340085681
JKB,"JKB0004431  ",TINI,A,TINI,"GT          ","SRC         ",HEFNI,,"OWNER       ",BANK CENTRAL ASIA Tbk.,HEFNI-5340085681
JKB,"JKB0004515  ",BAWOR,A,BAWOR,"GT          ","SRC         ",TURNIATI,TURNIATI,"OWNER       ",BANK CENTRAL ASIA Tbk.,DARTO-5445129825
JKB,"JKB0004515  ",BAWOR,A,BAWOR,"GT          ","SRC         ",DARTO,DARTO,"OWNER       ",BANK CENTRAL ASIA Tbk.,DARTO-5445129825
JKB,"JKB0004540  ",UWI,A,UWI,"GT          ","SRC         ",RAMLI,RAMLI,"OWNER       ",BANK RAKYAT INDONESIA (Persero) Tbk.,RAMLI-762601006006536
JKB,"JKB0004812  ",WR TITIN,A,WR TITIN,"GT          ","SRC         ",MARTINI,MARTINI,"OWNER       ",BANK RAKYAT INDONESIA (Persero) Tbk.,MARTINI-370501008842530
JKB,"JKB0004879  ",EVAN,A,EVAN,"GT          ","SRC         ",SRI,HARTINI,"OWNER       ",BANK RAKYAT INDONESIA (Persero) Tbk.,SRI HARTINI-322501019414538
JKB,"JKB0004947  ",MUHIBI,A,MUHIBI,"GT          ","SRC         ",MUCHIBI,MUCHIBI,"OWNER       ",BANK RAKYAT INDONESIA (Persero) Tbk.,MUCHIBI-99601028339539
JKB,"JKB0005171  ",RAFAEL,A,RAFAEL,"GT          ","SRC         ",JOHARNY,SIMBOLON,"OWNER       ",BANK CENTRAL ASIA Tbk.,DERLINA PASARIBU-7015283017
JKB,"JKB0005171  ",RAFAEL,A,RAFAEL,"GT          ","SRC         ",DERLINA,PASARIBU,"OWNER       ",BANK CENTRAL ASIA Tbk.,DERLINA PASARIBU-7015283017
JKB,"JKB0005380  ",ARUL,A,ARUL,"GT          ","SRC         ",TINI,ROSDIANA,"OWNER       ",BANK RAKYAT INDONESIA (Persero) Tbk.,TINI ROSDIANI-322501024021532
JKB,"JKB0005383  ",SUGENG,A,SUGENG,"GT          ","SRC         ",ROHATI,S,"OWNER       ",BANK MANDIRI (Persero) Tbk.,ANITA-1180007863979
JKB,"JKB0005383  ",SUGENG,A,SUGENG,"GT          ","SRC         ",ANITA,ANITA,"OWNER       ",BANK MANDIRI (Persero) Tbk.,ANITA-1180007863979
JKB,"JKB0005389  ",REZEKI,A,REZEKI,"GT          ","SRC         ",MOH.,HANAFI,"OWNER       ",BANK CENTRAL ASIA Tbk.,TRISNAWATI-5310445357
JKB,"JKB0005389  ",REZEKI,A,REZEKI,"GT          ","SRC         ",TRISNAWATI,TRISNAWATI,"OWNER       ",BANK CENTRAL ASIA Tbk.,TRISNAWATI-5310445357
JKB,"JKB0005398  ",ANUGRAH,A,ANUGRAH,"GT          ","SRC         ",ROIPAH,ROIPAH,"OWNER       ",BANK RAKYAT INDONESIA (Persero) Tbk.,ROIPAH-731101007793537
JKB,"JKB0005438  ",IBU SRI,A,IBU SRI,"GT          ","SRC         ",SITI,ROKHANAH,"OWNER       ",BANK RAKYAT INDONESIA (Persero) Tbk.,SITI ROKHANAH-96301034902531
JKB,"JKB0005444  ",AGUNG,A,AGUNG,"GT          ","SRC         ",SUHERNA,SUHERNA,"OWNER       ",BANK RAKYAT INDONESIA (Persero) Tbk.,I NYOMAN SUKERTA-324301020773533
JKB,"JKB0005444  ",AGUNG,A,AGUNG,"GT          ","SRC         ",HENY,MURNIYANTI,"OWNER       ",BANK RAKYAT INDONESIA (Persero) Tbk.,I NYOMAN SUKERTA-324301020773533
JKB,"JKB0005444  ",AGUNG,A,AGUNG,"GT          ","SRC         ",I NYOMAN,SUKERTA,"OWNER       ",BANK RAKYAT INDONESIA (Persero) Tbk.,I NYOMAN SUKERTA-324301020773533
JKB,"JKB0005477  ",JONO,A,JONO,"GT          ","SRC         ",JONO,JONO,"OWNER       ",BANK NEGARA INDONESIA 1946 (Persero) Tbk.,JONO-207651584
JKB,"JKB0005486  ",BAGUS,A,BAGUS,"GT          ","SRC         ",JONG,ARIDI,"OWNER       ",BANK CENTRAL ASIA Tbk.,LUSIANA-3740456953
JKB,"JKB0005486  ",BAGUS,A,BAGUS,"GT          ","SRC         ",LUSIANA,LUSIANA,"OWNER       ",BANK CENTRAL ASIA Tbk.,LUSIANA-3740456953
JKB,"JKB0005508  ",M.M PANCORAN,A,M.M PANCORAN,"MT          ","NONSIGKA    ",RIZKI,RIZKI,"OWNER       ",BANK MEGA Tbk.,RIZKI-012330010014815
JKB,"JKB0005519  ",AREMA JAYA,A,AREMA JAYA,"GT          ","SRC         ",ABDURRAHMAN,ABDURRAHMAN,"OWNER       ",BANK RAKYAT INDONESIA (Persero) Tbk.,DIYANI-654101019458537
JKB,"JKB0005519  ",AREMA JAYA,A,AREMA JAYA,"GT          ","SRC         ",DIYANI,DIYANI,"OWNER       ",BANK RAKYAT INDONESIA (Persero) Tbk.,DIYANI-654101019458537
JKB,"JKB0005578  ",AGAM ACEH,A,AGAM ACEH,"GT          ","SRC         ",MUHAMAD,MUHAMAD,"OWNER       ",BANK RAKYAT INDONESIA (Persero) Tbk.,AZHARI-332101011858536
JKB,"JKB0005578  ",AGAM ACEH,A,AGAM ACEH,"GT          ","SRC         ",AZHARI,AZHARI,"OWNER       ",BANK RAKYAT INDONESIA (Persero) Tbk.,AZHARI-332101011858536
JKB,"JKB0005586  ",WARDIH,A,WARDIH,"GT          ","SRC         ",AKHMAD,WARDI,"OWNER       ",BANK RAKYAT INDONESIA (Persero) Tbk.,RUBAIYAH-176701002499535
JKB,"JKB0005586  ",WARDIH,A,WARDIH,"GT          ","SRC         ",RUBAIYAH,RUBAIYAH,"OWNER       ",BANK RAKYAT INDONESIA (Persero) Tbk.,RUBAIYAH-176701002499535
JKB,"JKB0005609  ",IBU SUMIATI,A,IBU SUMIATI,"GT          ","SRC         ",SUMIATI,SUMIATI,"OWNER       ",BANK CENTRAL ASIA Tbk.,SUMIATI-5370059375
JKB,"JKB0005809  ",GREEN BAY LOGISTIC,A,GREEN BAY LOGISTIC,"GT          ","SRC         ",MUHAMAD,BUSTOMI,"OWNER       ",BANK CENTRAL ASIA Tbk.,Henny pujiastuti-6640204204
JKB,"JKB0005809  ",GREEN BAY LOGISTIC,A,GREEN BAY LOGISTIC,"GT          ","SRC         ",Henny,pujiastuti,"OWNER       ",BANK CENTRAL ASIA Tbk.,Henny pujiastuti-6640204204
JKB,"JKB0005840  ",CINDY,A,CINDY,"GT          ","SRC         ",NAPSIAH,NAPSIAH,"OWNER       ",BANK RAKYAT INDONESIA (Persero) Tbk.,KHAELANI-331501013667536
JKB,"JKB0005840  ",CINDY,A,CINDY,"GT          ","SRC         ",KHAELANI,KHAELANI,"OWNER       ",BANK RAKYAT INDONESIA (Persero) Tbk.,KHAELANI-331501013667536
JKB,"JKB0005877  ",WR ARDA,A,WR ARDA,"GT          ","SRC         ",NASRULLAH,NASRULLAH,"OWNER       ",BANK RAKYAT INDONESIA (Persero) Tbk.,SUWANTI-332501001368505
JKB,"JKB0005877  ",WR ARDA,A,WR ARDA,"GT          ","SRC         ",SUWANTI,SUWANTI,"OWNER       ",BANK RAKYAT INDONESIA (Persero) Tbk.,SUWANTI-332501001368505
JKB,"JKB0005960  ",TATI,A,TATI,"GT          ","SRC         ",TATI,SUMARTI,"OWNER       ",BANK CENTRAL ASIA Tbk.,siti juaeriah-7015311487
JKB,"JKB0005960  ",TATI,A,TATI,"GT          ","SRC         ",siti,juaeriah,"OWNER       ",BANK CENTRAL ASIA Tbk.,siti juaeriah-7015311487
JKB,"JKB0006004  ",AL BAROKAH,A,AL BAROKAH,"GT          ","SRC         ",MUSTAQIM,MUSTAQIM,"OWNER       ",BANK RAKYAT INDONESIA (Persero) Tbk.,Mohammad Haris-151101011918505
JKB,"JKB0006004  ",AL BAROKAH,A,AL BAROKAH,"GT          ","SRC         ",MOHAMMAD,HARIS,"OWNER       ",BANK RAKYAT INDONESIA (Persero) Tbk.,Mohammad Haris-151101011918505
JKB,"JKB0006006  ",SANTUN PANJAITAN,A,SANTUN PANJAITAN,"GT          ","SRC         ",SANTUN,PANJAITAN,"OWNER       ",BANK NEGARA INDONESIA 1946 (Persero) Tbk.,SANTUN PANJAITAN-202551867
JKB,"JKB0006025  ",H. YUSUF,A,H. YUSUF,"GT          ","SRC         ",H.MUH,YUSUF,"OWNER       ",BANK RAKYAT INDONESIA (Persero) Tbk.,H MUH YUSUF-510701020517539
JKB,"JKB0006026  ",ANDRIANTO,A,ANDRIANTO,"GT          ","SRC         ",ANDRIYANTO,ANDRIYANTO,"OWNER       ",BANK NEGARA INDONESIA 1946 (Persero) Tbk.,SITI NURHAYATI-626934474
JKB,"JKB0006026  ",ANDRIANTO,A,ANDRIANTO,"GT          ","SRC         ",SITI,NURHAYATI,"OWNER       ",BANK NEGARA INDONESIA 1946 (Persero) Tbk.,SITI NURHAYATI-626934474
JKB,"JKB0006089  ",WR NATA,A,WR NATA,"GT          ","SRC         ",ANI,RAHMANI,"OWNER       ",BANK CENTRAL ASIA Tbk.,ANI RAHMANI-2230268137
JKB,"JKB0006094  ",BILQIS,A,BILQIS,"GT          ","SRC         ",SUKIRNO,SUKIRNO,"OWNER       ",BANK RAKYAT INDONESIA (Persero) Tbk.,sukirno-731101010435534
JKB,"JKB0006165  ",TO'ATUN,A,TO'ATUN,"GT          ","SRC         ",TO'ATUN,TO'ATUN,"OWNER       ",BANK CENTRAL ASIA Tbk.,ERVARIANA-690390027
JKB,"JKB0006165  ",TO'ATUN,A,TO'ATUN,"GT          ","SRC         ",ERVARIANA,ERVARIANA,"OWNER       ",BANK CENTRAL ASIA Tbk.,ERVARIANA-690390027
JKB,"JKB0006231  ",LINA,A,LINA,"GT          ","SRC         ",PARSIH,PARSIH,"OWNER       ",BANK RAKYAT INDONESIA (Persero) Tbk.,PARSIH-86301017021534
JKB,"JKB0006231  ",LINA,A,LINA,"GT          ","SRC         ",LINA,BUDIARTI,"OWNER       ",BANK RAKYAT INDONESIA (Persero) Tbk.,PARSIH-86301017021534
JKB,"JKB0006438  ",AYU,A,AYU,"GT          ","SRC         ",MOH. RIFA'I,MOH. RIFA'I,"OWNER       ",BANK NEGARA INDONESIA 1946 (Persero) Tbk.,SDR MUKHLAS-831574935
JKB,"JKB0006438  ",AYU,A,AYU,"GT          ","SRC         ",SDR MUKHLAS,SDR MUKHLAS,"OWNER       ",BANK NEGARA INDONESIA 1946 (Persero) Tbk.,SDR MUKHLAS-831574935
JKB,"JKB0006445  ",EKO,A,EKO,"GT          ","SRC         ",ALISAH,ALISAH,"OWNER       ",BANK RAKYAT INDONESIA (Persero) Tbk.,LIAU TJUNG FEN-37701017728509
JKB,"JKB0006445  ",EKO,A,EKO,"GT          ","SRC         ","LIAU ",TJUNG FEN,"OWNER       ",BANK RAKYAT INDONESIA (Persero) Tbk.,LIAU TJUNG FEN-37701017728509
JKB,"JKB0006521  ",BAHRI,A,BAHRI,"GT          ","SRC         ",LASTIYAH,AMIN,"OWNER       ",BANK NEGARA INDONESIA 1946 (Persero) Tbk.,BAHRI BIN JAHOD-801158398
JKB,"JKB0006521  ",BAHRI,A,BAHRI,"GT          ","SRC         ",BAHRI,BIN JAHOD,"OWNER       ",BANK NEGARA INDONESIA 1946 (Persero) Tbk.,BAHRI BIN JAHOD-801158398
JKB,"JKB0006595  ",JAVA,A,JAVA,"MT          ","NONSIGKA    ",DIAH,RETNO HIDAYANTI,"OWNER       ",BANK CENTRAL ASIA Tbk.,DIAH RETNO HIDAYANTI-2873055839
JKB,"JKB0006619  ",DIAN SARI,A,DIAN SARI,"GT          ","SRC         ",DUROCHIM,DUROCHIM,"OWNER       ",BANK RAKYAT INDONESIA (Persero) Tbk.,IMA NURHAYANIH-322501025580539
JKB,"JKB0006619  ",DIAN SARI,A,DIAN SARI,"GT          ","SRC         ",IMA,NURHAYANIH,"OWNER       ",BANK RAKYAT INDONESIA (Persero) Tbk.,IMA NURHAYANIH-322501025580539
JKB,"JKB0006638  ",WR ANITA,A,WR ANITA,"GT          ","SRC         ",ANITA,ANITA,"OWNER       ",BANK CENTRAL ASIA Tbk.,ANITA-0011246221
JKB,"JKB0007061  ",MIO IJO,A,MIO IJO,"GT          ","SRC         ",AMRAN,AMRAN,"OWNER       ",BANK RAKYAT INDONESIA (Persero) Tbk.,NURUL HUKMAH B-305301018847539
JKB,"JKB0007061  ",MIO IJO,A,MIO IJO,"GT          ","SRC         ",NURUL,HUKMAH B,"OWNER       ",BANK RAKYAT INDONESIA (Persero) Tbk.,NURUL HUKMAH B-305301018847539
JKB,"JKB0007086  ",RIANA,A,RIANA,"GT          ","SRC         ",RIANA,RIANA,"OWNER       ",BANK CENTRAL ASIA Tbk.,ANG SEI TIN-4880069689
JKB,"JKB0007086  ",RIANA,A,RIANA,"GT          ","SRC         ",ANG SEI TIN,SEI TIN,"OWNER       ",BANK CENTRAL ASIA Tbk.,ANG SEI TIN-4880069689
JKB,"JKB0007209  ",HENNI,A,HENNI,"GT          ","SRC         ",HENNI,HENNI,"OWNER       ",BANK CENTRAL ASIA Tbk.,HENNI-7570466440
JKB,"JKB0007245  ",PT. ARENA SARANA GEMBIRA,A,HAPPY MELODY,"LAMPHOP     ",,SUDJADI,BUDIONO,"OWNER       ",BANK MANDIRI (Persero) Tbk.,PT. ARENA SARANA GEMBIRA-1170009018888
JKB,"JKB0007275  ",KURNIATI,A,KURNIATI,"GT          ","SRC         ",KURNIATI,KURNIATI,"OWNER       ",BANK RAKYAT INDONESIA (Persero) Tbk.,ASE SAEPUDIN-346501020912535
JKB,"JKB0007275  ",KURNIATI,A,KURNIATI,"GT          ","SRC         ",ASE SAEPUDIN,ASE SAEPUDIN,"OWNER       ",BANK RAKYAT INDONESIA (Persero) Tbk.,ASE SAEPUDIN-346501020912535
JKB,"JKB0007478  ",BILAL PABRIK PLASTIK,A,BILAL PABRIK PLASTIK,"GT          ","SRC         ",FRANSISKUS,HENRY BERUTU,"OWNER       ",BANK RAKYAT INDONESIA (Persero) Tbk.,FRANSISKUS HENRY BERUTU-731101008674532
JKB,"JKB0007492  ",MARGA JAYA I,A,MARGA JAYA I,"GT          ","SRC         ",TATIK,SUSIYOWATI,"OWNER       ",BANK CENTRAL ASIA Tbk.,TATIK SUSIYOWATI-8415115811
JKB,"JKB0007508  ",MANULANG,A,MANULANG,"GT          ","SRC         ",RETNO,MANULLANG,"OWNER       ",BANK RAKYAT INDONESIA (Persero) Tbk.,RETNO MANULLANG-95901025356532
JKB,"JKB0007553  ",DUTA BUAH MUARA KARANG,A,DUTA BUAH MUARA KARANG,"MT          ","NONSIGKA    ",SUHERY,SUTAMI,"OWNER       ",BANK CENTRAL ASIA Tbk.,SUHERY SUTAMI-2771619900
JKB,"JKB0007577  ",ANDRE,A,ANDRE,"GT          ","SRC         ",SUWANDI,SUWANDI,"OWNER       ",BANK CENTRAL ASIA Tbk.,ANDRE WIDYANTO-4790419974
JKB,"JKB0007577  ",ANDRE,A,ANDRE,"GT          ","SRC         ","ANDRE ",WIDYANTO,"OWNER       ",BANK CENTRAL ASIA Tbk.,ANDRE WIDYANTO-4790419974
JKB,"JKB0007607  ",ESMA,A,ESMA,"GT          ","SRC         ",SUNARYA,SUNARYA,"OWNER       ",BANK CENTRAL ASIA Tbk.,MUHAMAD HARISA-5500051894
JKB,"JKB0007607  ",ESMA,A,ESMA,"GT          ","SRC         ",MUHAMAD,HARISA,THIRDPAYMENT,BANK CENTRAL ASIA Tbk.,MUHAMAD HARISA-5500051894
JKB,"JKB0007647  ",VERA,A,VERA,"GT          ","SRC         ",ERNAWATI,ERNAWATI,"OWNER       ",BANK NEGARA INDONESIA 1946 (Persero) Tbk.,MASYUDI-448750089
JKB,"JKB0007647  ",VERA,A,VERA,"GT          ","SRC         ",MASYUDI,MASYUDI,"OWNER       ",BANK NEGARA INDONESIA 1946 (Persero) Tbk.,MASYUDI-448750089
JKB,"JKB0007899  ",FITRIANA,A,FITRIANA,"GT          ","SRC         ",FITRIANA,FITRIANA,"OWNER       ",BANK CENTRAL ASIA Tbk.,FITRIANA-5830274679
JKB,"JKB0007992  ",OKSAN,A,OKSAN,"GT          ","SRC         ",OKSAN,OKSAN,"OWNER       ",BANK CENTRAL ASIA Tbk.,MUHEMIN-2400232302
JKB,"JKB0007992  ",OKSAN,A,OKSAN,"GT          ","SRC         ",MUHEMIN,MUHEMIN,"OWNER       ",BANK CENTRAL ASIA Tbk.,MUHEMIN-2400232302
JKB,"JKB0008007  ",WARUNG YANTI,A,WARUNG YANTI,"GT          ","SRC         ",TITIK,WARYANTI,"OWNER       ",BANK CENTRAL ASIA Tbk.,RIYANTO-6470469828
JKB,"JKB0008007  ",WARUNG YANTI,A,WARUNG YANTI,"GT          ","SRC         ",RIYANTO,RIYANTO,"OWNER       ",BANK CENTRAL ASIA Tbk.,RIYANTO-6470469828
JKB,"JKB0008133  ",SARMIATI / RUMAH MAKAN,A,SARMIATI / RUMAH MAKAN,"GT          ","SRC         ",SARMIATI,SARMIATI,"OWNER       ",BANK CENTRAL ASIA Tbk.,MOH. SIDIK-844012205
JKB,"JKB0008133  ",SARMIATI / RUMAH MAKAN,A,SARMIATI / RUMAH MAKAN,"GT          ","SRC         ",MOH. SIDIK,MOH. SIDIK,"OWNER       ",BANK CENTRAL ASIA Tbk.,MOH. SIDIK-844012205
JKB,"JKB0008161  ",ARUL,A,ARUL,"GT          ","SRC         ",SUHARTO,SUHARTO,"OWNER       ",BANK RAKYAT INDONESIA (Persero) Tbk.,SUHARTO-607701012699533
JKB,"JKB0008236  ",ABDUL HAMID,A,ABDUL HAMID,"GT          ","SRC         ",ABDUL,HAMID,"OWNER       ",BANK NEGARA INDONESIA 1946 (Persero) Tbk.,ABDUL HAMID-468776571
JKB,"JKB0008241  ",ANGEL,A,ANGEL,"GT          ","SRC         ",INDON,SITUMORANG,"OWNER       ",BANK RAKYAT INDONESIA (Persero) Tbk.,INDON SITUMORANG-204101005207506
JKB,"JKB0008246  ",PD. JAYA ENERGY SENTOSA,A,SHELL SELECT POS PENGUMBEN,"MT          ","NONSIGKA    ",LIEM SONY,LIEM SONY,"OWNER       ",BANK CENTRAL ASIA Tbk.,LIEM SONY BDN PD JAYA ENERGY SENTOS-3091479999
JKB,"JKB0008300  ",HASIBUAN,A,HASIBUAN,"GT          ","SRC         ","OOM ",NURJAMAN,"OWNER       ",BANK RAKYAT INDONESIA (Persero) Tbk.,OOM NURJAMAN-322501004197507
JKB,"JKB0008436  ",MESRI,A,MESRI,"GT          ","SRC         ",NURTIANA S,NURTIANA S,"OWNER       ",BANK MANDIRI (Persero) Tbk.,CHRISTOPHER NAIBAHO-1180007979221
JKB,"JKB0008436  ",MESRI,A,MESRI,"GT          ","SRC         ","CHRISTOPHER ",NAIBAHO,"OWNER       ",BANK MANDIRI (Persero) Tbk.,CHRISTOPHER NAIBAHO-1180007979221
JKB,"JKB0008548  ",ADEMUD,A,ADEMUD,"GT          ","SRC         ",ADE,BUDI SISWANTO,"OWNER       ",BANK RAKYAT INDONESIA (Persero) Tbk.,MUTMAINAH-369401027503532
JKB,"JKB0008548  ",ADEMUD,A,ADEMUD,"GT          ","SRC         ",MUTMAINAH,MUTMAINAH,"OWNER       ",BANK RAKYAT INDONESIA (Persero) Tbk.,MUTMAINAH-369401027503532
JKB,"JKB0008597  ",NOVIAN,A,NOVIAN,"GT          ","SRC         ",NASIAH,NASIAH,"OWNER       ",BANK CENTRAL ASIA Tbk.,NASIAH-7570574722
JKB,"JKB0008607  ",BU YANTI,A,BU YANTI,"GT          ","SRC         ",SRI,MALIHAYANTI,"OWNER       ",BANK RAKYAT INDONESIA (Persero) Tbk.,SRI MALIHAYANTI-204501000748537
JKB,"JKB0008612  ",IBU RINI,A,IBU RINI,"GT          ","SRC         ",RINI,RINI,"OWNER       ",BANK RAKYAT INDONESIA (Persero) Tbk.,NGASRINI-331201003377539
JKB,"JKB0008707  ",DEKI,A,DEKI,"GT          ","SRC         ",DEKI,KURNIAWAN,"OWNER       ",BANK CENTRAL ASIA Tbk.,AHMAD ROFIKI-2450751297
JKB,"JKB0008707  ",DEKI,A,DEKI,"GT          ","SRC         ",AHMAD,ROFIKI,"OWNER       ",BANK CENTRAL ASIA Tbk.,AHMAD ROFIKI-2450751297
JKB,"JKB0008713  ",IBU SUBUR,A,IBU SUBUR,"GT          ","SRC         ",SUBUR,DALIH,"OWNER       ",BANK PEMBANGUNAN DAERAH DKI JAKARTA,RAKHMAT BIN H ENGKEG-31123154513
JKB,"JKB0008713  ",IBU SUBUR,A,IBU SUBUR,"GT          ","SRC         ",RAKHMAT BIN H ENGKEG,RAKHMAT BIN H ENGKEG,"OWNER       ",BANK PEMBANGUNAN DAERAH DKI JAKARTA,RAKHMAT BIN H ENGKEG-31123154513
JKB,"JKB0008897  ",IBU AAM,A,IBU AAM,"GT          ","SRC         ",NUR,HASANAH,"OWNER       ",BANK RAKYAT INDONESIA (Persero) Tbk.,NUR HASANAH-731101012938538
JKB,"JKB0009022  ",WILLY / ROS,A,WILLY / ROS,"GT          ","SRC         ",ROSDIANA,ROSDIANA,"OWNER       ",BANK CENTRAL ASIA Tbk.,ROSDIANA-3861234043
JKB,"JKB0009805  ",RAHMA,A,RAHMA,"GT          ","SRC         ",SURYADI,SURYADI,"OWNER       ",BANK RAKYAT INDONESIA (Persero) Tbk.,SAIFURRAHMAN-364301026337531
JKB,"JKB0009805  ",RAHMA,A,RAHMA,"GT          ","SRC         ",SAIFURRAHMAN,SAIFURRAHMAN,"OWNER       ",BANK RAKYAT INDONESIA (Persero) Tbk.,SAIFURRAHMAN-364301026337531
JKB,"JKB0009832  ",ALIF,A,ALIF,"GT          ","SRC         ",ARISTA,BUDIMAN,"OWNER       ",BANK RAKYAT INDONESIA (Persero) Tbk.,SITI ANJANI-654201016233534
JKB,"JKB0009832  ",ALIF,A,ALIF,"GT          ","SRC         ","SITI ",ANJANI,"OWNER       ",BANK RAKYAT INDONESIA (Persero) Tbk.,SITI ANJANI-654201016233534
JKB,"JKB0009873  ",DEBBY,A,DEBBY,"GT          ","SRC         ",DEBBY,DEBBY,"OWNER       ",BANK CENTRAL ASIA Tbk.,SARTONO-6470102142
JKB,"JKB0009873  ",DEBBY,A,DEBBY,"GT          ","SRC         ",SARTONO,SARTONO,"OWNER       ",BANK CENTRAL ASIA Tbk.,SARTONO-6470102142
JKB,"JKB0009959  ",WR. ANTO,A,WR. ANTO,"GT          ","SRC         ",RAMISAH,RAMISAH,"OWNER       ",BANK RAKYAT INDONESIA (Persero) Tbk.,RAMISAH-324201011192534
JKB,"JKB0010057  ",RISCO,A,RISCO,"GT          ","SRC         ",JAMIATUN,JAMIATUN,"OWNER       ",BANK RAKYAT INDONESIA (Persero) Tbk.,JAMIATUN-322501005654536
JKB,"JKB0010313  ",TIARA,A,TIARA,"GT          ","SRC         ",SUTINAH,SUTINAH,"OWNER       ",BANK RAKYAT INDONESIA (Persero) Tbk.,NIMAH-086601014357530
JKB,"JKB0010313  ",TIARA,A,TIARA,"GT          ","SRC         ",NIMAH,NIMAH,"OWNER       ",BANK RAKYAT INDONESIA (Persero) Tbk.,NIMAH-086601014357530
JKB,"JKB0010325  ",EDO,A,EDO,"GT          ","SRC         ",ELDINA,RITONGA,"OWNER       ",BANK CENTRAL ASIA Tbk.,JUNI MANSON SIPAYUNG-2400112617
JKB,"JKB0010325  ",EDO,A,EDO,"GT          ","SRC         ",JUNI,MANSON SIPAYUNG,"OWNER       ",BANK CENTRAL ASIA Tbk.,JUNI MANSON SIPAYUNG-2400112617
JKB,"JKB0010337  ",MAKMUR 2,A,MAKMUR 2,"GT          ","SRC         ",ANELI,SARI,"OWNER       ",BANK CENTRAL ASIA Tbk.,ANSANAH-5310268692
JKB,"JKB0010337  ",MAKMUR 2,A,MAKMUR 2,"GT          ","SRC         ",ANSANAH,ANSANAH,"OWNER       ",BANK CENTRAL ASIA Tbk.,ANSANAH-5310268692
JKB,"JKB0010566  ",MASRI,A,MASRI,"GT          ","SRC         ",MASRI,MASRI,"OWNER       ",BANK NEGARA INDONESIA 1946 (Persero) Tbk.,MASRI-553628286
JKB,"JKB0010594  ",ANA,A,ANA,"GT          ","SRC         ",ANA,MAEMUNAH,"OWNER       ",BANK RAKYAT INDONESIA (Persero) Tbk.,ANA MAEMUNAH-86601005465532
JKB,"JKB0010643  ",WR REVELA,A,WR REVELA,"GT          ","SRC         ",YANI,SAPITRI,"OWNER       ",BANK TABUNGAN NEGARA (Persero),FERRY KURNIAWAN-22901500066885
JKB,"JKB0010643  ",WR REVELA,A,WR REVELA,"GT          ","SRC         ",FERRY,KURNIAWAN,"OWNER       ",BANK TABUNGAN NEGARA (Persero),FERRY KURNIAWAN-22901500066885
JKB,"JKB0010650  ",ROPIAH,A,ROPIAH,"GT          ","SRC         ",ROPIAH,ROPIAH,"OWNER       ",BANK RAKYAT INDONESIA (Persero) Tbk.,ROPIAH-322501018525530
JKB,"JKB0010650  ",ROPIAH,A,ROPIAH,"GT          ","SRC         ",JUNIARTO,JUNIARTO,"OWNER       ",BANK RAKYAT INDONESIA (Persero) Tbk.,ROPIAH-322501018525530
JKB,"JKB0010669  ",IRMA,A,IRMA,"GT          ","SRC         ",IRMA,MANDAYANTI,"OWNER       ",BANK RAKYAT INDONESIA (Persero) Tbk.,IRMA MANDAYANTI-332701011218538
JKB,"JKB0010670  ",DOA IBU,A,DOA IBU,"GT          ","SRC         ",ASROAH,ASROAH,"OWNER       ",BANK RAKYAT INDONESIA (Persero) Tbk.,ASROAH-303701013773531
JKB,"JKB0010679  ",SAIDI,A,SAIDI,"GT          ","SRC         ",SAIDI,SAIDI,"OWNER       ",BANK RAKYAT INDONESIA (Persero) Tbk.,SAIDI-332101012190533
JKB,"JKB0010691  ",TOKO GHANIKA,A,TOKO GHANIKA,"GT          ","SRC         ",AHMAD,SYARIFUDIN,"OWNER       ",BANK CENTRAL ASIA Tbk.,MARIA ULFAH-4661262588
JKB,"JKB0010691  ",TOKO GHANIKA,A,TOKO GHANIKA,"GT          ","SRC         ",MARIA,ULFAH,"OWNER       ",BANK CENTRAL ASIA Tbk.,MARIA ULFAH-4661262588
JKB,"JKB0010730  ",WR RESTU IBU,A,WR RESTU IBU,"GT          ","SRC         ",KUMINAH,KUMINAH,"OWNER       ",BANK MANDIRI (Persero) Tbk.,KUMINAH-1180006890783
JKB,"JKB0010776  ",NENENG,A,NENENG,"GT          ","SRC         ",NENENG,MARILLA,"OWNER       ",BANK RAKYAT INDONESIA (Persero) Tbk.,Neneng Marilla-440201008885539
JKB,"JKB0010777  ",YULI,A,YULI,"GT          ","SRC         ",YULI,YULI,"OWNER       ",BANK MANDIRI (Persero) Tbk.,YULI-1180010999380
JKB,"JKB0010792  ",CHIKA,A,CHIKA,"GT          ","SRC         ",HUSMIYATI,HUSMIYATI,"OWNER       ",BANK RAKYAT INDONESIA (Persero) Tbk.,Husmiyati-719501005381532
JKB,"JKB0010796  ",YUNI,A,YUNI,"GT          ","SRC         ",AMALAN,SALEH,"OWNER       ",BANK RAKYAT INDONESIA (Persero) Tbk.,NURIMAH HARAHAP-762601005706531
JKB,"JKB0010796  ",YUNI,A,YUNI,"GT          ","SRC         ",NURIMAH,HARAHAP,"OWNER       ",BANK RAKYAT INDONESIA (Persero) Tbk.,NURIMAH HARAHAP-762601005706531
JKB,"JKB0011041  ",MAYA,A,MAYA,"GT          ","SRC         ",MAYA,ANGLEANA,"OWNER       ",BANK CENTRAL ASIA Tbk.,MAYA ANGLEANA-741249323
JKB,"JKB0011049  ",WIJAYA,A,WIJAYA,"GT          ","SRC         ",KUSMIATI,KUSMIATI,"OWNER       ",BANK RAKYAT INDONESIA (Persero) Tbk.,KUSMIATI-20401005351505
JKB,"JKB0011083  ",INA,A,INA,"GT          ","SRC         ",WISNU,WISNU,"OWNER       ",BANK CENTRAL ASIA Tbk.,MELLIA SETIA MAHARANI-6820708928
JKB,"JKB0011083  ",INA,A,INA,"GT          ","SRC         ",MELLIA SETIA MAHARAN,MELLIA SETIA MAHARAN,THIRDPAYMENT,BANK CENTRAL ASIA Tbk.,MELLIA SETIA MAHARANI-6820708928
JKB,"JKB0011178  ",ALFAZA,A,ALFAZA,"GT          ","SRC         ",DIDIN,SUPRIATNA,"OWNER       ",BANK RAKYAT INDONESIA (Persero) Tbk.,DINDIN SUPRIATNA-405401005989539
