BOG,"BOG0003212  ",NAGOYA,A,NAGOYA,"GT          ","SRC         ",FIQIH,SETIYADHI,"OWNER       ",BANK SYARIAH MANDIRI,NURUL MUSTAQIMAH-7140460658
BOG,"BOG0005155  ",ERFAN,A,ERFAN,"GT          ","SRC         ","M.DAUD ",NASUTION,"OWNER       ",BANK NEGARA INDONESIA 1946 (Persero) Tbk.,MUHAMMAD DAUD NASUTION-0614058580
BOG,"BOG0005697  ",USMAN,A,USMAN,"GT          ","SRC         ",ANWAR,HAMBALI,"OWNER       ",BANK RAKYAT INDONESIA (Persero) Tbk.,NASWAN RANGKUTI-099301085942533
BOG,"BOG0005719  ",HASIBUAN 1,A,HASIBUAN 1,"GT          ","SRC         ",IBU ISIH HOLISOH,IBU ISIH HOLISOH,"OWNER       ",BANK NEGARA INDONESIA 1946 (Persero) Tbk.,IBU ISOH HOLISOH-614072956
BOG,"BOG0006994  ",Acep,A,ACEP,"GT          ","SRC         ",CICAH,CICAH,"OWNER       ",BANK BJB,SITI NUR ALIYAH-0103655927100
BOG,"BOG0007718  ",NERIA SILAEN,A,JOSHUA,"GT          ","SRC         ",NERIA,SILAEN,"OWNER       ",BANK RAKYAT INDONESIA (Persero) Tbk.,NERIA SILAEN-081101001352504
BOG,"BOG0008161  ",HANDOKO,A,HANDOKO,"GT          ","SRC         ",PUR HANDOKO,,"OWNER       ",BANK RAKYAT INDONESIA (Persero) Tbk.,HASNA FAUZI ZAFIRAH-0985427850
BOG,"BOG0008379  ",HELMI,A,HELMI,"GT          ","SRC         ",HALIMAH,RANGKUTI,"OWNER       ",BANK RAKYAT INDONESIA (Persero) Tbk.,HALIMAH RANGKUTI-08041047017535
BOG,"BOG0008397  ",KONCO,A,KONCO,"GT          ","SRC         ","AJENG ASTIKA ",FEBRIANTI,"OWNER       ",BANK CENTRAL ASIA Tbk.,AJENG ASTIKA F-8410992346
BOG,"BOG0009024  ",EUIS,A,EUIS,"GT          ","SRC         ",YATI,YATI,"OWNER       ",BANK RAKYAT INDONESIA (Persero) Tbk.,EUIS MUSTIKA-81001041681537
BOG,"BOG0012360  ",BU RINA,A,BU RINA,"GT          ","SRC         ",MUHAMAD ARIF,RAHMAN,"OWNER       ",BANK CENTRAL ASIA Tbk.,RINA SINTAWATI-7370268929
BOG,"BOG0012360  ",BU RINA,A,BU RINA,"GT          ","SRC         ",RINA,SINTAWATI,"OWNER       ",BANK CENTRAL ASIA Tbk.,RINA SINTAWATI-7370268929
BOG,"BOG0012406  ",FICE KAWENGIAN,A,FICE,"GT          ","SRC         ",FICE,KAWENGIAN,"OWNER       ",BANK RAKYAT INDONESIA (Persero) Tbk.,NY FICE KAWENGIAN-018101039324504
BOG,"BOG0012565  ",H. EMAN,A,H.EMAN,"GT          ","SRC         ",H.EMAN,SULAEMAN,"OWNER       ",BANK NEGARA INDONESIA 1946 (Persero) Tbk.,RIJAL MUMIN-725362912
BOG,"BOG0012565  ",H. EMAN,A,H.EMAN,"GT          ","SRC         ",Rijal mu'min,Rijal mu'min,THIRDPAYMENT,BANK NEGARA INDONESIA 1946 (Persero) Tbk.,RIJAL MUMIN-725362912
BOG,"BOG0015015  ",MUKTI,A,MUKTI,"GT          ","SRC         ",RASTO,RASTO,"OWNER       ",BANK RAKYAT INDONESIA (Persero) Tbk.,FITRI LARASWATI-427501016596537
BOG,"BOG0015015  ",MUKTI,A,MUKTI,"GT          ","SRC         ",Fitri Larasati,Fitri Larasati,THIRDPAYMENT,BANK RAKYAT INDONESIA (Persero) Tbk.,FITRI LARASWATI-427501016596537
BOG,"BOG0015175  ",ADE,A,ADE,"GT          ","SRC         ",ADE,ADE,"OWNER       ",BANK RAKYAT INDONESIA (Persero) Tbk.,JULAEHA-081001061039532
BOG,"BOG0015337  ",PAK MAMAN,A,PAK MAMAN,"GT          ","SRC         ",MAMAN,SUMARYA,"OWNER       ",BANK CENTRAL ASIA Tbk.,MAMAN SUMARYA-038701028851500
BOG,"BOG0016800  ",RONI,A,RONI,"GT          ","SRC         ",ACHMAD,SYUKRON,"OWNER       ",BANK BTPN,ACHMAD SYUKRON-087770366693
BOG,"BOG0016801  ",TK SUNDAWA,A,TK SUNDAWA,"GT          ","SRC         ",ENI,HANDAYANI,"OWNER       ",BANK CENTRAL ASIA Tbk.,SILPIA IMANIAR-0953309821
BOG,"BOG0016856  ",UDAY,A,UDAY,"GT          ","SRC         ",Mulyana,Mulyana,"OWNER       ",BANK RAKYAT INDONESIA (Persero) Tbk.,NUR ALIAH-774201008832533
BOG,"BOG0017131  ",LISDA,A,LISDA,"GT          ","SRC         ",Candra,Purnama,"OWNER       ",BANK CENTRAL ASIA Tbk.,CANDRA PURNAMA-6830437256
BOG,"BOG0017299  ",KANTIN POS POLISI,A,KANTIN POS POLISI CIAWI,"GT          ","SRC         ",KARYA,KARYA,"OWNER       ",BANK MANDIRI (Persero) Tbk.,EROS ROSAMAN-1340017007161
BOG,"BOG0017299  ",KANTIN POS POLISI,A,KANTIN POS POLISI CIAWI,"GT          ","SRC         ",Eross rosaman,Eross rosaman,THIRDPAYMENT,BANK MANDIRI (Persero) Tbk.,EROS ROSAMAN-1340017007161
BOG,"BOG0017541  ",TOKO SUSI,A,TOKO SUSI,"GT          ","SRC         ",KARDIYONO,DARMALI,"OWNER       ",BANK CENTRAL ASIA Tbk.,KARDIYONO DARMALI-4271230511
BOG,"BOG0017870  ",PENDI,A,PENDI,"GT          ","SRC         ",SUPENDI,SUPENDI,"OWNER       ",BANK SYARIAH BRI,SUPENDI-1054672132
BOG,"BOG0019463  ",Intan,A,Intan,"GT          ","SRC         ","Ika rahayu ",ratnasari,"OWNER       ",BANK CENTRAL ASIA Tbk.,INTAN RAHAYU ANUGERAH-0951636508
BOG,"BOG0019925  ",Azizah,A,Azizah,"GT          ","SRC         ",Rajo,Amin,"OWNER       ",BANK CENTRAL ASIA Tbk.,RISNA SARI NASUTION-4270132231
BOG,"BOG0020131  ",Yudi herman,A,Bintang,"GT          ","SRC         ",Yudi,Herman,"OWNER       ",BANK RAKYAT INDONESIA (Persero) Tbk.,MUHAMAD BINTANG SATRIAJI-038701032820509
BOG,"BOG0020783  ",ALHAMDULILLAH 3,A,ALHAMDULILLAH 3,"GT          ","SRC         ",NOVI,ANDRIANI,"OWNER       ",BANK NEGARA INDONESIA 1946 (Persero) Tbk.,IBU NOVI ANDRIANI-0838924088
BOG,"BOG0021495  ",UJANG,A,TOKO UJANG,"GT          ","SRC         ",UJANG,NASIR,"OWNER       ",PT BANK BNI SYARIAH,IBU ELAH NURLAELAH-0549919644
BOG,"BOG0025178  ",Ahmadi,A,Tko madi,"GT          ","SRC         ",Ahmadi,Ahmadi,"OWNER       ",BANK RAKYAT INDONESIA (Persero) Tbk.,AHMADI-081201054300534
BOG,"BOG0027746  ",APONG,A,APONG,"GT          ","SRC         ",Akbarudin,Akbarudin,"OWNER       ",BANK NEGARA INDONESIA 1946 (Persero) Tbk.,IBU NENGSIH-0643028049
BOG,"BOG0027897  ",Yatun,A,Tko anwar,"GT          ","SRC         ",YATUN,YATUN,"OWNER       ",BANK CENTRAL ASIA Tbk.,ANWAR ROSYADI-8800475601
BOG,"BOG0029149  ",ADE,A,MANG ADE,"GT          ","SRC         ",ADE,ADE,"OWNER       ",BANK RAKYAT INDONESIA (Persero) Tbk.,ADE RULI-080001009742536
BOG,"BOG0029149  ",ADE,A,MANG ADE,"GT          ","SRC         ",Ade ruli,Ade ruli,THIRDPAYMENT,BANK RAKYAT INDONESIA (Persero) Tbk.,ADE RULI-080001009742536
BOG,"BOG0032226  ",Sofyan,A,Sopyan,"GT          ","SRC         ",Sopyan,Sopyan,"OWNER       ",BANK CENTRAL ASIA Tbk.,SITI NURYANAH-7370380338
BOG,"BOG0032226  ",Sofyan,A,Sopyan,"GT          ","SRC         ",siti nuryanah,siti nuryanah,THIRDPAYMENT,BANK CENTRAL ASIA Tbk.,SITI NURYANAH-7370380338
BOG,"BOG0033124  ",Bu Aah,A,Bu Aah,"GT          ","SRC         ",FANDI,,"OWNER       ",BANK NEGARA INDONESIA 1946 (Persero) Tbk.,IRFAN DARMANSYAH-8410404410
BOG,"BOG0033124  ",Bu Aah,A,Bu Aah,"GT          ","SRC         ","IRFAN DARMANSYAH ",,THIRDPAYMENT,BANK NEGARA INDONESIA 1946 (Persero) Tbk.,IRFAN DARMANSYAH-8410404410
BOG,"BOG0035303  ",KIKI,A,TOKO KIKI,"GT          ","SRC         ",ASEP SOLEHUDIN,,"OWNER       ",BANK MANDIRI (Persero) Tbk.,ROSMAWATI-1630002137761
BOG,"BOG0035572  ",RIZKY,A,TOKO RIZKY BERKAH,"GT          ","SRC         ",Pqk tarmini,Tarmini,"OWNER       ",BANK BJB,NUNUNG NURYADHI-0009936221100
BOG,"BOG0035572  ",RIZKY,A,TOKO RIZKY BERKAH,"GT          ","SRC         ",Darwis,Darwis,THIRDPAYMENT,BANK BJB,NUNUNG NURYADHI-0009936221100
BOG,"BOG0035604  ",YAYAT,A,YAYAT,"GT          ","SRC         ",Yayat,Yayat,"OWNER       ",BANK RAKYAT INDONESIA (Persero) Tbk.,Muhammad Delvin Nur ramadhan-784601006239505
BOG,"BOG0035604  ",YAYAT,A,YAYAT,"GT          ","SRC         ",ILHAM DRAJAT,FIRMANSYAH,"OWNER       ",BANK RAKYAT INDONESIA (Persero) Tbk.,Muhammad Delvin Nur ramadhan-784601006239505
BOG,"BOG0035654  ",NINA,A,TOKO TOTOM,"GT          ","SRC         ",NINA,,"OWNER       ",BANK RAKYAT INDONESIA (Persero) Tbk.,NURYAMAN-427801018322538
BOG,"BOG0035696  ",SANDY,A,TOKO SANDY,"GT          ","SRC         ",Sandy,Sandy,"OWNER       ",BANK CENTRAL ASIA Tbk.,IMAN YUNIZAR-4270183552
BOG,"BOG0035962  ",Zakia,A,ZAKIA,"GT          ","SRC         ",ZAINAL MUTTAQIEN,,"OWNER       ",BANK MANDIRI (Persero) Tbk.,ZENAL MUTTAQIN-1330017066804
BOG,"BOG0041559  ",CIKA,A,CIKA,"GT          ","SRC         ",Ijah,,"OWNER       ",BANK RAKYAT INDONESIA (Persero) Tbk.,ADIH-081001020745536
