JKU,"JK10001005  ",Paris,A,PARIS,"GT          ","SRC         ",EDI PERMANTO,RAHARJO,"OWNER       ",BANK RAKYAT INDONESIA (Persero) Tbk.,
JKU,"JK10001005  ",Paris,A,PARIS,"GT          ","SRC         ",BUDIARTI,,"OTHER       ",BANK RAKYAT INDONESIA (Persero) Tbk.,
JKU,"JK10001392  ",PT INDOMARCO PRISMATAMA,A,INDOMARET DANAU AGUNG (FD92)-FD92,"MT          ","NONSIGKA    ",SINARMAN JONATAN,,"OWNER       ",BANK CENTRAL ASIA Tbk.,
JKU,"JK10001392  ",PT INDOMARCO PRISMATAMA,A,INDOMARET DANAU AGUNG (FD92)-FD92,"MT          ","NONSIGKA    ",ARAFIQ,,"MANAGER     ",BANK CENTRAL ASIA Tbk.,
JKU,"JK10002420  ",TOYIB,A,TOYIB,"GT          ","SRC         ",SARTONO,,"OWNER       ",BANK RAKYAT INDONESIA (Persero) Tbk.,
JKU,"JK10002420  ",TOYIB,A,TOYIB,"GT          ","SRC         ",TOYIB,,"OTHER       ",BANK RAKYAT INDONESIA (Persero) Tbk.,
JKU,"JK10002642  ",V Mart,A,V MART,"GT          ","REGULAR     ",IMELDA,KUNTORO SENANGSJAH,"OWNER       ",BANK CENTRAL ASIA Tbk.,
JKU,"JK10002642  ",V Mart,A,V MART,"GT          ","REGULAR     ",Yuni,Fitriani,"OWNER       ",BANK CENTRAL ASIA Tbk.,
JKU,"JK10002872  ",MINIMARKET LIBA,A,MINIMARKET LIBA,"GT          ","REGULAR     ",SELVIANA S.S,MEWENGKANG,"OWNER       ",BANK MANDIRI (Persero) Tbk.,
JKU,"JK10003580  ",TERUSAN,A,TERUSAN,"GT          ","REGULAR     ",M.HARIS HS,SE,"OWNER       ","BANK  SHINHAN INDONESIA ",
JKU,"JK10003754  ",Sunarti,A,Sunarti,"GT          ","SRC         ",Sunarti,Sunarti,"OWNER       ",BANK CENTRAL ASIA Tbk.,
JKU,"JK10003754  ",Sunarti,A,Sunarti,"GT          ","SRC         ",SRIHARJATI,INDARJO,"OTHER       ",BANK CENTRAL ASIA Tbk.,
JKU,"JK10004225  ",Dewi,A,DEWI,"GT          ","SRC         ",MATHANI,,"OWNER       ",BANK RAKYAT INDONESIA (Persero) Tbk.,
JKU,"JK10004225  ",Dewi,A,DEWI,"GT          ","SRC         ",PUHANI,,"OTHER       ",BANK RAKYAT INDONESIA (Persero) Tbk.,
JKU,"JK10005180  ",Alpian,A,ALPIAN,"GT          ","SRC         ",NURJA,,"OWNER       ",BANK RAKYAT INDONESIA (Persero) Tbk.,
JKU,"JK10005180  ",Alpian,A,ALPIAN,"GT          ","SRC         ",KUSEN,,"OTHER       ",BANK RAKYAT INDONESIA (Persero) Tbk.,
JKU,"JK10005214  ",PT INDOMARCO PRISMATAMA,A,INDOMARET GADING GRIYA-F393,"MT          ","NONSIGKA    ",SINARMAN JONATAN,,"OWNER       ",BANK CENTRAL ASIA Tbk.,
JKU,"JK10005214  ",PT INDOMARCO PRISMATAMA,A,INDOMARET GADING GRIYA-F393,"MT          ","NONSIGKA    ",BENI,,"MANAGER     ",BANK CENTRAL ASIA Tbk.,
JKU,"JK10005871  ",ATUN,A,ATUN,"GT          ","SRC         ",MASLAN,,"OWNER       ",BANK NEGARA INDONESIA 1946 (Persero) Tbk.,
JKU,"JK10005871  ",ATUN,A,ATUN,"GT          ","SRC         ",NGATONAH,,"OTHER       ",BANK NEGARA INDONESIA 1946 (Persero) Tbk.,
JKU,"JK10006688  ",Yuli,A,Yuli,"GT          ","SRC         ",DJAMIYAH,,"OWNER       ",BANK RAKYAT INDONESIA (Persero) Tbk.,
JKU,"JK10006688  ",Yuli,A,Yuli,"GT          ","SRC         ",SRI WAHYUNI,,"OTHER       ",BANK RAKYAT INDONESIA (Persero) Tbk.,
JKU,"JK10006969  ",MM CAHAYA,A,MM CAHAYA,"GT          ","REGULAR     ",SUKANTO,,"OWNER       ",BANK MANDIRI (Persero) Tbk.,
JKU,"JK10007724  ",LATIF,A,LATIF,"GT          ","SRC         ",SUYATIP,,"OWNER       ",BANK MANDIRI (Persero) Tbk.,
JKU,"JK10007724  ",LATIF,A,LATIF,"GT          ","SRC         ",Jamilatun,Nisa,"OTHER       ",BANK MANDIRI (Persero) Tbk.,
JKU,"JK10008201  ",TK DASRY,A,TK DASRY,"GT          ","SRC         ",DASRY,,"OWNER       ",BANK NEGARA INDONESIA 1946 (Persero) Tbk.,
JKU,"JK10008201  ",TK DASRY,A,TK DASRY,"GT          ","SRC         ",RAGILWALUYO,,"OTHER       ",BANK NEGARA INDONESIA 1946 (Persero) Tbk.,
JKU,"JK10009396  ",Monatun,A,Monatun,"GT          ","SRC         ",HAMIM,,"OWNER       ",BANK RAKYAT INDONESIA (Persero) Tbk.,
JKU,"JK10009396  ",Monatun,A,Monatun,"GT          ","SRC         ",MONATUN,,"OTHER       ",BANK RAKYAT INDONESIA (Persero) Tbk.,
JKU,"JK10010107  ",Happy,A,HAPPY,"GT          ","REGULAR     ",FANDRA,HERAWAN,"OWNER       ",BANK CENTRAL ASIA Tbk.,
JKU,"JK10010228  ",PT DUTA MEDIA INDONESIA,A,DUTA MEDIA INDONESIA,"MARKETING   ",,RIDWAN,JAURY,"OWNER       ",BANK CENTRAL ASIA Tbk.,
JKU,"JK10010228  ",PT DUTA MEDIA INDONESIA,A,DUTA MEDIA INDONESIA,"MARKETING   ",,DIYAR BUDI HENDRAWAN,,"MANAGER     ",BANK CENTRAL ASIA Tbk.,
JKU,"JK10010228  ",PT DUTA MEDIA INDONESIA,A,DUTA MEDIA INDONESIA,"MARKETING   ",,YANOAR RIZKI HENDIAR,,"ADMIN       ",BANK CENTRAL ASIA Tbk.,
JKU,"JK10010327  ",Via,A,Via,"GT          ","SRC         ",DEWI ANGGRAINI,,"OWNER       ",BANK RAKYAT INDONESIA (Persero) Tbk.,
JKU,"JK10010327  ",Via,A,Via,"GT          ","SRC         ",SUTINI,SUTINI,"OWNER       ",BANK RAKYAT INDONESIA (Persero) Tbk.,
JKU,"JK10011304  ",KOPERASI SERASI,A,KOPERASI SERASI,"GT          ","REGULAR     ","WIDAYAT ",DIGDO BUNTORO,"OWNER       ",BANK PERMATA Tbk.,
JKU,"JK10011520  ",Wahyu,A,Wahyu,"GT          ","SRC         ",SULISTYOWATI,,"OWNER       ",BANK RAKYAT INDONESIA (Persero) Tbk.,
JKU,"JKU0000137  ",NANI,A,NANI,"GT          ","SRC         ",NANI,ANDRIANI,"OWNER       ",BANK RAKYAT INDONESIA (Persero) Tbk.,
JKU,"JKU0003680  ",Rodi,A,Rodi,"GT          ","SRC         ",Wihani,,"OWNER       ",BANK CENTRAL ASIA Tbk.,
JKU,"JKU0003680  ",Rodi,A,Rodi,"GT          ","SRC         ",Ade Yuliawati,,"OTHER       ",BANK CENTRAL ASIA Tbk.,
JKU,"JKU0003897  ",NIZAM,A,NIZAM,"GT          ","SRC         ",YANTO,,"OWNER       ",BANK RAKYAT INDONESIA (Persero) Tbk.,
JKU,"JKU0003897  ",NIZAM,A,NIZAM,"GT          ","SRC         ",PUYA,,"OTHER       ",BANK RAKYAT INDONESIA (Persero) Tbk.,
